habitaciones,banos,zona,localizacion,precio,superficie_construida_m2,superficie_parcela_m2
0,0,Noreste,Artá,890000.0,481.0,34900.0
3,2,Norte,Búger,539000.0,150.0,0.0
3,2,Palma,El Terreno,950000.0,98.0,0.0
4,3,Norte,Campanet,1750000.0,168.0,151.0
3,4,Suroeste,Paguera,3850000.0,263.0,0.0
4,4,Central,Moscari,2250000.0,327.0,14600.0
5,5,Suroeste,Sol de Mallorca,7950000.0,786.0,2015.0
3,3,Sur,Cala Pi,1700000.0,219.0,812.0
3,2,Palma,Son Armadams,1088000.0,124.0,0.0
5,3,Central,Santa María,1200000.0,348.0,14200.0
0,0,Suroeste,Calvià,560000.0,0.0,948.0
3,2,Noreste,Cala Ratjada,1230000.0,245.0,700.0
4,5,Noreste,Artá,2790000.0,546.0,15900.0
4,4,Sureste,Felanitx,1600000.0,294.0,904.0
2,2,Son Vida & Palma Alrededores,Palma Golf,1200000.0,173.0,0.0
2,2,Norte,Alcudia,495000.0,63.0,0.0
4,3,Sureste,Cala Santanyi,2200000.0,271.0,7904.0
4,3,Son Vida & Palma Alrededores,Establiments,1200000.0,190.0,0.0
9,8,Central,Sencelles,4500000.0,1706.0,1243.0
6,5,Central,Sencelles,3900000.0,682.0,132500.0
3,2,Palma,Portixol & Molinar,1199000.0,127.0,0.0
0,0,Central,Moscari,520000.0,0.0,15000.0
0,0,Central,Moscari,520000.0,0.0,16800.0
3,2,Norte,Campanet,550000.0,159.0,131.0
6,4,Central,Alaró,1198000.0,313.0,11500.0
3,3,Central,Maria de la Salut,890000.0,175.0,186.0
3,4,Central,Sineu,1190000.0,235.0,286.0
3,4,Central,Lloret de Vista Alegre,1390000.0,296.0,410.0
2,2,Suroeste,Port Andratx,1495000.0,82.0,0.0
4,3,Sureste,Cala d'Or,1795000.0,192.0,8878.0
2,2,Son Vida & Palma Alrededores,Esporles,1725000.0,311.0,553.0
4,4,Norte,Playa de Muro,895000.0,235.0,668.0
3,3,Palma,Palma Catedral - Casco Antiguo,1395000.0,181.0,0.0
4,3,Noreste,Canyamel,1385000.0,234.0,634.0
3,3,Noreste,Son Servera,2200000.0,295.0,7106.0
3,2,Sur,Cala Pi,1390000.0,262.0,321.0
6,4,Son Vida & Palma Alrededores,Palma Golf,3500000.0,518.0,2444.0
0,0,Central,Algaida,250000.0,0.0,15500.0
4,3,Noreste,Colonia de St. Pere,1950000.0,190.0,425.0
3,2,Sur,Cala Blava,955000.0,138.0,988.0
3,3,Central,Vilafranca de Bonany,1590000.0,265.0,17700.0
0,0,Central,Vilafranca de Bonany,389000.0,0.0,17700.0
4,7,Son Vida & Palma Alrededores,Son Vida,4995000.0,500.0,1009.0
3,3,Sureste,Campos,1500000.0,440.0,270.0
0,0,Noreste,Son Servera,750000.0,0.0,17800.0
5,5,Son Vida & Palma Alrededores,Son Vida,5400000.0,768.0,2231.0
4,4,Suroeste,Santa Ponsa,2200000.0,303.0,1033.0
3,2,Central,Algaida,1250000.0,298.0,8957.0
4,2,Central,Sencelles,699000.0,283.0,3312.0
4,3,Oeste,Deià,4500000.0,268.0,982.0
4,2,Noreste,Porto Cristo,965000.0,112.0,14300.0
4,3,Noreste,Capdepera,1175000.0,207.0,166.0
0,0,Central,Inca,1700000.0,0.0,124800.0
0,0,Noreste,Artá,380000.0,0.0,14200.0
5,5,Palma,Genova,2750000.0,270.0,0.0
5,5,Noreste,San Lorenzo,7000000.0,1461.0,43600.0
4,4,Suroeste,Port Andratx,3250000.0,287.0,1567.0
3,4,Central,Alaró,789000.0,206.0,103.0
3,3,Suroeste,Andratx,1995000.0,250.0,1633.0
3,2,Noreste,Manacor,1180000.0,165.0,2000.0
3,3,Palma,Paseo Marítimo,2045000.0,171.0,0.0
2,1,Sur,Arenal,250000.0,70.0,0.0
4,2,Palma,Son Armadams,540000.0,94.0,0.0
4,3,Central,Son Gual,2790000.0,373.0,2007.0
0,0,Sur,Llucmajor,249000.0,0.0,21500.0
1,1,Palma,Paseo Marítimo,550000.0,48.0,0.0
5,4,Central,Marratxi,2400000.0,344.0,2126.0
5,5,Son Vida & Palma Alrededores,Son Vida,9800000.0,1148.0,2349.0
2,2,Palma,El Terreno,730000.0,94.0,0.0
7,7,Central,Alaró,8400000.0,958.0,25700.0
4,3,Suroeste,Port Andratx,3580000.0,123.0,0.0
4,4,Central,Montuiri,1795000.0,234.0,119.0
5,4,Son Vida & Palma Alrededores,Palma Golf,1980000.0,485.0,486.0
4,3,Suroeste,Santa Ponsa,4750000.0,316.0,816.0
0,0,Norte,Campanet,435000.0,0.0,19700.0
3,4,Suroeste,Cala Major,3600000.0,140.0,0.0
4,6,Son Vida & Palma Alrededores,Establiments,5250000.0,500.0,15200.0
3,2,Central,Alaró,350000.0,93.0,0.0
3,2,Sur,Cala Pi,1050000.0,159.0,616.0
6,4,Son Vida & Palma Alrededores,Son Sardina,2400000.0,240.0,3742.0
3,4,Oeste,Deià,1500000.0,260.0,350.0
0,0,Central,Alaró,650000.0,0.0,2700.0
5,5,Central,Santa María,6500000.0,520.0,30100.0
4,5,Central,Sineu,2590000.0,393.0,289.0
2,1,Sur,Cala Pi,495000.0,87.0,0.0
3,2,Palma,Portixol & Molinar,945000.0,142.0,0.0
4,4,Suroeste,Cala Vinyes,3700000.0,668.0,1522.0
4,4,Suroeste,Cala Vinyes,3800000.0,665.0,1374.0
4,4,Suroeste,Cala Vinyes,3900000.0,676.0,1452.0
6,6,Son Vida & Palma Alrededores,Son Vida,7900000.0,624.0,2000.0
5,4,Suroeste,Port Andratx,7350000.0,422.0,1042.0
2,2,Sur,Arenal,650000.0,94.0,0.0
2,2,Palma,Palma Catedral - Casco Antiguo,1495000.0,126.0,0.0
3,3,Sureste,Cala Murada,980000.0,178.0,390.0
5,2,Central,Sencelles,639000.0,310.0,220.0
4,6,Central,Marratxi,1990000.0,426.0,616.0
2,2,Noreste,Colonia de St. Pere,1495000.0,102.0,0.0
3,2,Palma,Playa de Palma & Arenal,1595000.0,102.0,0.0
5,4,Suroeste,Port Andratx,8000000.0,288.0,981.0
2,2,Sur,Llucmajor,749000.0,133.0,8366.0
2,2,Central,Llubí,570000.0,264.0,6358.0
2,2,Palma,La Bonanova,1800000.0,160.0,0.0
6,4,Norte,Sa Pobla,1050000.0,435.0,303.0
5,3,Central,Maria de la Salut,1290000.0,220.0,240.0
4,3,Central,Sineu,350000.0,256.0,135.0
7,7,Suroeste,Costa de la Calma,6950000.0,769.0,2400.0
3,2,Sur,Tolleric,1095000.0,131.0,423.0
5,5,Son Vida & Palma Alrededores,Palmanyola,5600000.0,670.0,2500.0
7,5,Palma,Playa de Palma & Arenal,2570000.0,380.0,820.0
3,2,Palma,Son Espanyolet,575000.0,100.0,0.0
3,4,Central,Bunyola,2850000.0,406.0,3070.0
4,4,Suroeste,Port Andratx,4250000.0,157.0,580.0
3,2,Norte,Puerto Pollensa,525000.0,102.0,0.0
2,2,Palma,Palma Catedral - Casco Antiguo,595000.0,82.0,0.0
3,2,Suroeste,Santa Ponsa,895000.0,119.0,0.0
3,3,Central,Pina,1190000.0,288.0,195.0
6,6,Noreste,Artá,6750000.0,500.0,40000.0
3,2,Norte,Puerto Alcudia,418500.0,116.0,0.0
5,4,Sureste,Felanitx,1950000.0,486.0,304.0
3,3,Norte,Campanet,675000.0,150.0,214.0
4,2,Suroeste,Palmanova,895000.0,115.0,0.0
6,5,Central,Marratxi,1095000.0,411.0,645.0
3,4,Sureste,Cala Figuera,2950000.0,432.0,387.0
2,1,Suroeste,Portals,1095000.0,72.0,0.0
4,5,Suroeste,Costa d'en Blanes,3000000.0,237.0,761.0
5,3,Palma,Palma City Centre,1600000.0,370.0,0.0
5,5,Noreste,Font de Sa Cala,2190000.0,299.0,881.0
0,0,Suroeste,Calvià,8500000.0,625.0,2322200.0
3,3,Palma,Palma Catedral - Casco Antiguo,3300000.0,233.0,0.0
2,2,Suroeste,Santa Ponsa,825000.0,104.0,0.0
3,2,Central,Biniali,1400000.0,220.0,240.0
4,3,Suroeste,Santa Ponsa,3600000.0,380.0,1208.0
3,2,Norte,Alcudia - Bonaire,975000.0,146.0,675.0
4,3,Son Vida & Palma Alrededores,Son Vida,6950000.0,531.0,4119.0
3,3,Palma,Paseo Marítimo,1750000.0,136.0,0.0
2,1,Norte,Alcudia,465000.0,52.0,0.0
4,4,Central,Montuiri,2300000.0,341.0,17400.0
3,2,Central,Moscari,495000.0,159.0,300.0
4,4,Norte,Campanet,2500000.0,395.0,368.0
5,3,Norte,Playa de Muro,825000.0,132.0,0.0
4,2,Palma,Playa de Palma & Arenal,669000.0,140.0,0.0
3,4,Palma,Palma Catedral - Casco Antiguo,3650000.0,220.0,0.0
5,5,Sur,Llucmajor,2980000.0,370.0,30000.0
2,2,Sur,Cala Pi,365000.0,92.0,0.0
3,2,Sureste,Cala Murada,1280000.0,140.0,770.0
3,3,Norte,Santa Margalida,1450000.0,215.0,14900.0
3,2,Sur,Bahía Grande / Bahía Azul,695000.0,160.0,723.0
3,2,Central,Selva,1535000.0,199.0,163.0
3,2,Central,Mallorca Central - Es Rafal,490000.0,83.0,0.0
5,4,Suroeste,Santa Ponsa,6300000.0,520.0,1331.0
5,5,Sureste,Ses Salines,5450000.0,399.0,23800.0
3,2,Suroeste,Costa de la Calma,1995000.0,115.0,0.0
3,2,Noreste,Canyamel,790000.0,200.0,4810.0
5,6,Noreste,Artá,970000.0,353.0,207.0
5,4,Sureste,Portopetro,4250000.0,393.0,23300.0
2,1,Palma,Palma Catedral - Casco Antiguo,625000.0,66.0,0.0
4,3,Suroeste,Costa d'en Blanes,3900000.0,477.0,1100.0
5,5,Norte,Pollensa,2200000.0,433.0,0.0
6,7,Central,Santa María,7500000.0,550.0,13600.0
5,6,Suroeste,Bendinat,8450000.0,546.0,953.0
4,4,Central,Llubí,2950000.0,481.0,28900.0
4,3,Central,Son Gual,2640000.0,396.0,2001.0
3,2,Noreste,Artá,1985000.0,434.0,309.0
5,3,Palma,La Bonanova,9900000.0,705.0,1326.0
4,2,Palma,Palma Catedral - Casco Antiguo,1650000.0,160.0,0.0
2,1,Central,Selva,420000.0,156.0,54.0
3,2,Central,Mancor del Valle,1350000.0,374.0,1893.0
0,0,Suroeste,Camp de Mar,3950000.0,0.0,1390.0
5,4,Suroeste,Costa de la Calma,3450000.0,303.0,2100.0
5,3,Central,Son Ferriol,970000.0,477.0,11967.0
3,2,Norte,Alcudia,415000.0,106.0,0.0
2,2,Palma,Palma City Centre,995000.0,90.0,0.0
3,2,Central,Alaró,995000.0,192.0,134.0
5,4,Norte,Muro,1850000.0,240.0,14800.0
0,0,Sur,Llucmajor,599000.0,0.0,28500.0
0,0,Central,Moscari,790000.0,0.0,17100.0
4,5,Central,Moscari,2900000.0,511.0,17100.0
4,4,Central,Moscari,4950000.0,673.0,36200.0
5,5,Central,Moscari,3950000.0,832.0,19800.0
4,3,Central,Son Gual,4300000.0,392.0,2024.0
4,5,Norte,Pollensa,1975000.0,221.0,196.0
4,4,Sur,Llucmajor,1295000.0,306.0,14800.0
3,2,Sur,Cala Blava,1350000.0,211.0,607.0
3,2,Norte,Puerto Alcudia - Alcanada,895000.0,87.0,352.0
3,2,Norte,Puerto Alcudia - Alcanada,875000.0,87.0,403.0
3,2,Norte,Puerto Alcudia,885000.0,87.0,374.0
3,2,Norte,Puerto Alcudia - Alcanada,795000.0,87.0,305.0
3,2,Norte,Puerto Alcudia - Alcanada,895000.0,87.0,436.0
4,5,Norte,Alcudia - Bonaire,1750000.0,350.0,600.0
3,2,Sur,Cala Pi,860000.0,153.0,400.0
7,4,Sur,Cala Blava,1200000.0,350.0,800.0
4,3,Noreste,Artá,1750000.0,220.0,142.0
1,1,Palma,Palma Catedral - Casco Antiguo,470000.0,74.0,0.0
3,3,Norte,Puerto Pollensa,795000.0,115.0,0.0
5,4,Central,Selva,2500000.0,586.0,4182.0
2,2,Suroeste,Portals,1295000.0,60.0,0.0
0,0,Son Vida & Palma Alrededores,Son Vida,2250000.0,0.0,2350.0
5,5,Central,Santa María,,580.0,16900.0
5,3,Central,Inca,2300000.0,435.0,37600.0
17,12,Sureste,Cala d'Or,3600000.0,545.0,2800.0
6,6,Sureste,Cala d'Or,1200000.0,240.0,1800.0
4,3,Palma,Playa de Palma & Arenal,1397000.0,150.0,0.0
3,1,Palma,Palma City Centre,680000.0,150.0,0.0
4,3,Central,Sencelles,1650000.0,264.0,43600.0
4,2,Palma,Portixol & Molinar,1890000.0,135.0,0.0
4,3,Noreste,San Lorenzo,1650000.0,226.0,1050.0
3,3,Palma,Portixol & Molinar,3250000.0,153.0,0.0
2,1,Suroeste,Illetas,698000.0,87.0,0.0
5,4,Sureste,Cala d'Or,4900000.0,453.0,1600.0
3,2,Palma,Palma Catedral - Casco Antiguo,950000.0,105.0,0.0
3,3,Noreste,Artá,745000.0,265.0,197.0
3,4,Son Vida & Palma Alrededores,Son Vida,6800000.0,500.0,2137.0
5,7,Son Vida & Palma Alrededores,Son Vida,12900000.0,1010.0,2000.0
7,6,Central,Inca,1550000.0,475.0,8147.0
4,4,Norte,Muro,1100000.0,237.0,286.0
3,2,Norte,Puerto Alcudia - Alcanada,460000.0,90.0,0.0
4,4,Central,Maria de la Salut,1990000.0,347.0,15400.0
4,4,Suroeste,Santa Ponsa,3900000.0,323.0,1510.0
2,2,Suroeste,Bendinat,1100000.0,115.0,0.0
9,9,Norte,Formentor,,587.0,4600.0
10,5,Oeste,Fornalutx,5000000.0,965.0,20200.0
0,0,Son Vida & Palma Alrededores,Puigpunyent & Galilea,290000.0,0.0,1579.0
5,4,Norte,Pollensa,4200000.0,386.0,1943.0
0,0,Sur,Llucmajor,795000.0,0.0,17800.0
0,0,Central,Petra,1100000.0,0.0,244300.0
3,3,Central,Biniamar,740000.0,247.0,155.0
3,2,Central,Biniamar,690000.0,151.0,155.0
4,2,Palma,Son Espanyolet,2290000.0,178.0,178.0
4,3,Norte,Pollensa,1450000.0,220.0,0.0
3,2,Norte,Pollensa,520000.0,122.0,60.0
6,6,Sureste,Santanyí,7800000.0,717.0,30000.0
4,3,Central,S'Aranjassa,2495000.0,263.0,8187.0
4,4,Sureste,Cala d'Or,1960000.0,471.0,1433.0
3,3,Sur,Bahía Grande / Bahía Azul,840000.0,155.0,412.0
7,5,Central,Petra,2900000.0,448.0,24700.0
3,2,Oeste,Puerto de Sóller,1380000.0,151.0,0.0
0,0,Son Vida & Palma Alrededores,Son Vida,1500000.0,0.0,2044.0
0,0,Son Vida & Palma Alrededores,Son Vida,1400000.0,0.0,2561.0
4,4,Central,Moscari,3900000.0,539.0,21000.0
2,3,Palma,Son Espanyolet,675000.0,129.0,0.0
3,3,Central,Caimari,1080000.0,246.0,163.0
5,4,Central,Inca,1800000.0,446.0,12600.0
1,1,Suroeste,Bendinat,595000.0,62.0,0.0
0,0,Son Vida & Palma Alrededores,Son Vida,10100000.0,0.0,2615.0
2,2,Son Vida & Palma Alrededores,Palma Golf,1500000.0,139.0,0.0
2,2,Son Vida & Palma Alrededores,Palma Golf,890000.0,120.0,0.0
3,3,Son Vida & Palma Alrededores,Palma Golf,2700000.0,251.0,0.0
2,2,Suroeste,Port Andratx,1590000.0,89.0,0.0
4,2,Central,Alaró,775000.0,183.0,2416.0
3,1,Oeste,Fornalutx,690000.0,180.0,57.0
4,3,Central,S'Aranjassa,2495000.0,263.0,8187.0
3,2,Norte,Campanet,1090000.0,200.0,217.0
2,2,Sureste,Santanyí,3900000.0,568.0,12400.0
3,2,Palma,Son Espanyolet,2250000.0,174.0,128.0
3,2,Palma,Son Espanyolet,2600000.0,190.0,132.0
2,1,Palma,Palma Catedral - Casco Antiguo,575000.0,58.0,0.0
1,1,Palma,Santa Catalina,490000.0,58.0,0.0
4,2,Sur,Arenal,540000.0,140.0,0.0
8,9,Oeste,Estellencs,2600000.0,511.0,292.0
3,2,Sur,Arenal,590000.0,140.0,0.0
4,2,Palma,Palma City Centre,645000.0,123.0,0.0
3,2,Palma,Palma Catedral - Casco Antiguo,1495000.0,170.0,0.0
4,3,Noreste,Canyamel,1290000.0,315.0,1827.0
2,2,Sur,Llucmajor,625000.0,97.0,1862.0
2,2,Suroeste,Port Andratx,1580000.0,92.0,0.0
5,6,Suroeste,Portals,10900000.0,464.0,1200.0
7,7,Central,Santa María,,642.0,28400.0
4,4,Oeste,Deià,1900000.0,212.0,178.0
2,2,Palma,Palma Catedral - Casco Antiguo,3800000.0,164.0,0.0
1,1,Suroeste,Cas Catalá,575000.0,73.0,0.0
5,2,Oeste,Sóller,1425000.0,430.0,0.0
3,3,Suroeste,Paguera,2850000.0,265.0,1125.0
3,2,Central,Moscari,995000.0,280.0,3267.0
3,2,Palma,Palma Catedral - Casco Antiguo,3950000.0,187.0,0.0
3,3,Palma,Palma Catedral - Casco Antiguo,2600000.0,120.0,0.0
0,0,Norte,Puerto Alcudia - Alcanada,2400000.0,0.0,612.0
5,5,Sureste,Cas Concos,4500000.0,595.0,19300.0
3,3,Sur,Las Palmeras,859000.0,144.0,320.0
3,2,Son Vida & Palma Alrededores,Palma Golf,1250000.0,143.0,0.0
6,3,Oeste,Deià,13500000.0,2814.0,0.0
10,0,Norte,Sa Pobla,2500000.0,520.0,0.0
13,9,Noreste,Manacor,9500000.0,666.0,68200.0
2,2,Suroeste,Cala Vinyes,650000.0,123.0,0.0
4,4,Norte,Alcudia - Bonaire,2795000.0,259.0,1320.0
5,4,Noreste,Manacor,3975000.0,500.0,30000.0
3,2,Sur,Llucmajor,699000.0,126.0,8392.0
3,2,Palma,Palma Catedral - Casco Antiguo,895000.0,135.0,0.0
4,3,Central,Consell,1650000.0,310.0,429.0
4,3,Noreste,Manacor,1290000.0,215.0,21300.0
3,2,Central,Costitx,680000.0,130.0,8900.0
3,3,Central,Costitx,1480000.0,400.0,4614.0
3,4,Palma,Son Espanyolet,1320000.0,130.0,0.0
4,4,Noreste,Cala Ratjada,2300000.0,218.0,480.0
5,5,Suroeste,Sol de Mallorca,6950000.0,664.0,1718.0
0,0,Sureste,Campos,875000.0,0.0,68600.0
0,0,Sureste,Campos,895000.0,0.0,82500.0
0,0,Sureste,Campos,875000.0,0.0,49600.0
5,5,Sur,Cala Blava,1295000.0,307.0,720.0
5,2,Noreste,Cala Ratjada,1350000.0,202.0,707.0
4,4,Central,Sencelles,1495000.0,216.0,7711.0
2,2,Palma,Palma Catedral - Casco Antiguo,595000.0,86.0,0.0
5,5,Central,Montuiri,5900000.0,718.0,16000.0
3,3,Central,Alaró,1995000.0,234.0,3432.0
4,3,Central,Sencelles,1300000.0,423.0,1655.0
2,1,Palma,Palma Catedral - Casco Antiguo,595000.0,112.0,0.0
3,2,Palma,Palma Catedral - Casco Antiguo,1395000.0,167.0,0.0
3,2,Central,Santa María,550000.0,139.0,254.0
3,2,Central,Santa Eugenia,897000.0,147.0,2723.0
3,2,Son Vida & Palma Alrededores,Puigpunyent & Galilea,435000.0,116.0,0.0
1,1,Palma,Palma Catedral - Casco Antiguo,385000.0,48.0,0.0
5,5,Central,Puntiró,4495000.0,544.0,7614.0
0,0,Central,Santa Eugenia,520000.0,0.0,450.0
4,5,Suroeste,Port Andratx,4500000.0,454.0,60000.0
3,2,Suroeste,Santa Ponsa,799000.0,104.0,0.0
5,3,Central,Sencelles,1200000.0,331.0,11998.0
2,1,Palma,El Terreno,355000.0,44.0,0.0
2,2,Suroeste,Port Andratx,1950000.0,131.0,0.0
4,3,Central,Sa Cabaneta,1190000.0,430.0,824.0
5,3,Norte,Sa Pobla,849000.0,485.0,544.0
6,6,Norte,Puerto Alcudia - Alcanada,3650000.0,961.0,26600.0
2,2,Palma,Paseo Marítimo,1050000.0,133.0,0.0
5,5,Central,Maria de la Salut,3900000.0,544.0,17200.0
5,4,Sureste,Sa Rapita,1295000.0,300.0,0.0
0,0,Norte,Can Picafort,395000.0,0.0,22000.0
2,2,Noreste,Capdepera,645000.0,89.0,0.0
0,0,Sur,Cala Blava,1950000.0,0.0,2700.0
4,4,Central,Santa María,15000000.0,599.0,40800.0
2,2,Noreste,Capdepera,625000.0,98.0,0.0
4,4,Suroeste,Bendinat,7200000.0,506.0,1034.0
2,2,Noreste,Capdepera,475000.0,89.0,0.0
3,3,Palma,Santa Catalina,850000.0,144.0,0.0
5,5,Suroeste,Port Andratx,6750000.0,410.0,1066.0
4,4,Suroeste,Cala Vinyes,3250000.0,233.0,1400.0
4,3,Sur,Cala Pi,3150000.0,240.0,812.0
1,1,Palma,Palma Catedral - Casco Antiguo,1350000.0,111.0,0.0
5,5,Sur,Puig de Ros,3600000.0,574.0,759.0
3,2,Norte,Puerto Alcudia,550000.0,86.0,0.0
3,2,Suroeste,Port Andratx,1465000.0,79.0,0.0
5,5,Noreste,Son Servera,3650000.0,421.0,33000.0
4,4,Suroeste,Santa Ponsa,9850000.0,650.0,1100.0
3,3,Sureste,Portocolom,1980000.0,232.0,114.0
5,3,Norte,Puerto Pollensa,1200000.0,200.0,5897.0
3,5,Palma,Son Armadams,4200000.0,240.0,0.0
5,5,Suroeste,Costa d'en Blanes,6950000.0,417.0,1196.0
3,2,Palma,Playa de Palma & Arenal,515000.0,78.0,0.0
4,3,Suroeste,Santa Ponsa,3250000.0,208.0,1098.0
0,0,Suroeste,Portals,6000000.0,0.0,1889.0
6,6,Suroeste,Bendinat,11900000.0,399.0,1214.0
0,0,Sureste,Campos,875000.0,0.0,21300.0
0,0,Suroeste,Andratx,7850000.0,0.0,1250.0
5,5,Suroeste,Portals,5250000.0,445.0,1084.0
5,5,Suroeste,Santa Ponsa,19950000.0,920.0,4805.0
3,2,Central,Caimari,1250000.0,201.0,172.0
3,3,Suroeste,Port Adriano,3950000.0,316.0,792.0
4,2,Norte,Muro,1650000.0,222.0,243.0
5,6,Norte,Pollensa,5500000.0,400.0,26900.0
5,2,Oeste,Valldemossa,910000.0,177.0,177.0
5,4,Palma,Paseo Marítimo,1595000.0,190.0,0.0
2,2,Noreste,Betlem,1295000.0,110.0,590.0
5,5,Son Vida & Palma Alrededores,Son Vida,7000000.0,800.0,2040.0
3,3,Oeste,Port des Canonge,1185000.0,188.0,346.0
5,5,Suroeste,Costa d'en Blanes,7950000.0,670.0,1157.0
5,5,Noreste,Costa de Los Pinos,2980000.0,304.0,1264.0
3,3,Suroeste,Port Andratx,3190000.0,176.0,0.0
4,2,Noreste,Porto Cristo Novo,2690000.0,190.0,1450.0
4,4,Son Vida & Palma Alrededores,Son Vida,4900000.0,600.0,2000.0
5,5,Central,Santa María,3000000.0,667.0,13500.0
3,2,Noreste,Canyamel,740000.0,101.0,0.0
5,6,Central,Sencelles,3500000.0,496.0,40100.0
2,2,Suroeste,Santa Ponsa,690000.0,83.0,0.0
4,6,Central,Sa Coma - Bunyola,1950000.0,425.0,1937.0
4,3,Norte,Puerto Alcudia - Alcanada,950000.0,151.0,327.0
0,0,Central,Bunyola,890000.0,0.0,44200.0
2,2,Central,Selva,430000.0,114.0,57.0
4,3,Norte,Puerto Alcudia - Alcanada,1495000.0,182.0,6582.0
4,3,Suroeste,Cas Catalá,4950000.0,377.0,840.0
4,2,Central,Algaida,900000.0,280.0,258.0
5,3,Sureste,Campos,2350000.0,175.0,9000.0
5,5,Central,Sineu,3150000.0,1407.0,199700.0
3,2,Central,Sa Coma - Bunyola,2600000.0,342.0,1826.0
0,0,Central,Sa Coma - Bunyola,715000.0,0.0,1826.0
3,3,Sureste,Felanitx,2300000.0,221.0,15600.0
2,2,Norte,Alcudia,550000.0,170.0,70.0
3,2,Suroeste,Santa Ponsa,1850000.0,103.0,0.0
3,3,Palma,Portixol & Molinar,1795000.0,160.0,0.0
3,2,Central,Petra,550000.0,107.0,91.0
4,4,Son Vida & Palma Alrededores,Establiments,1050000.0,352.0,935.0
3,2,Palma,Genova,2995000.0,160.0,195.0
4,2,Palma,Paseo Marítimo,980000.0,147.0,0.0
4,3,Noreste,Colonia de St. Pere,2300000.0,217.0,402.0
3,3,Noreste,Colonia de St. Pere,1890000.0,186.0,785.0
5,3,Palma,Genova,3200000.0,626.0,1775.0
3,2,Central,Sa Cabaneta,2800000.0,350.0,674.0
5,6,Norte,Pollensa,,581.0,2014.0
4,5,Norte,Campanet,,329.0,28100.0
2,2,Norte,Campanet,695000.0,68.0,3500.0
4,3,Sur,Sa Torre,2300000.0,281.0,1060.0
3,2,Palma,Palma Catedral - Casco Antiguo,1790000.0,137.0,0.0
7,2,Norte,Escorca,1495000.0,400.0,250000.0
4,4,Palma,Sa Teulera,1950000.0,388.0,595.0
4,3,Central,Son Gual,2420000.0,424.0,2007.0
3,3,Suroeste,Bendinat,1998000.0,183.0,0.0
0,0,Sureste,Alquería Blanca,240000.0,0.0,286.0
5,6,Son Vida & Palma Alrededores,Son Vida,6900000.0,825.0,2230.0
1,1,Palma,Palma Catedral - Casco Antiguo,385000.0,48.0,0.0
2,2,Palma,Palma Catedral - Casco Antiguo,1100000.0,81.0,0.0
1,1,Palma,Palma Catedral - Casco Antiguo,385000.0,47.0,0.0
5,4,Noreste,Port Verd,1450000.0,312.0,1013.0
4,4,Sureste,Felanitx,1925000.0,423.0,390.0
4,3,Noreste,Font de Sa Cala,1950000.0,234.0,910.0
5,4,Norte,Pollensa,6995000.0,610.0,120500.0
5,4,Noreste,Manacor,2395000.0,180.0,18400.0
3,2,Norte,Puerto Alcudia,980000.0,97.0,0.0
10,10,Sur,Llucmajor,2900000.0,642.0,18500.0
3,2,Palma,Palma Catedral - Casco Antiguo,2995000.0,310.0,0.0
2,1,Palma,Palma Catedral - Casco Antiguo,495000.0,66.0,0.0
5,4,Norte,Pollensa,2995000.0,450.0,120000.0
7,6,Central,Alaró,,495.0,80800.0
8,3,Palma,Playa de Palma & Arenal,960000.0,195.0,170.0
4,4,Central,Llubí,1575000.0,222.0,478.0
4,5,Central,Binissalem,7995000.0,575.0,47200.0
3,2,Suroeste,Bendinat,1250000.0,143.0,0.0
2,2,Suroeste,Santa Ponsa,775000.0,112.0,0.0
0,0,Central,Binissalem,2500000.0,0.0,47200.0
2,2,Palma,Palma Catedral - Casco Antiguo,895000.0,127.0,0.0
4,4,Noreste,San Lorenzo,2490000.0,210.0,14100.0
4,4,Central,Caimari,995000.0,438.0,226.0
4,3,Central,Mancor del Valle,1970000.0,321.0,478.0
3,3,Norte,Campanet,1795000.0,215.0,1184.0
0,0,Sur,Llucmajor,465000.0,0.0,18800.0
4,2,Norte,Muro,1485000.0,214.0,21200.0
1,3,Suroeste,Port Andratx,3150000.0,315.0,0.0
2,2,Palma,Playa de Palma & Arenal,429000.0,62.0,0.0
4,3,Sur,Puig de Ros,1500000.0,190.0,366.0
4,3,Norte,Pollensa,495000.0,93.0,0.0
4,2,Suroeste,Cas Catalá,1450000.0,168.0,0.0
4,5,Suroeste,Santa Ponsa,7950000.0,640.0,1310.0
4,4,Sureste,Sa Rapita,2900000.0,358.0,17800.0
3,2,Sureste,Sa Rapita,2700000.0,230.0,16400.0
2,2,Suroeste,Cala Fornells,649000.0,87.0,0.0
4,4,Norte,Pollensa,1280000.0,223.0,127.0
4,5,Suroeste,Costa d'en Blanes,7500000.0,478.0,1070.0
3,3,Suroeste,Santa Ponsa,1625000.0,130.0,0.0
3,1,Palma,Portixol & Molinar,645000.0,100.0,0.0
4,3,Noreste,Costa de Los Pinos,2950000.0,407.0,1952.0
4,3,Son Vida & Palma Alrededores,Son Vida,6300000.0,455.0,2635.0
5,3,Norte,Pollensa,1150000.0,230.0,215.0
7,6,Son Vida & Palma Alrededores,Palma Golf,3250000.0,631.0,776.0
6,6,Oeste,Deià,,902.0,2316.0
2,2,Norte,Pollensa,895000.0,115.0,105.0
4,2,Norte,Pollensa,750000.0,271.0,2902.0
3,3,Noreste,Colonia de St. Pere,1000000.0,138.0,250200.0
4,4,Sureste,Campos,4290000.0,730.0,44100.0
3,3,Norte,Puerto Alcudia - Alcanada,1900000.0,156.0,389.0
7,7,Sureste,Portopetro,3000000.0,880.0,14700.0
0,0,Central,Sencelles,2100000.0,0.0,89600.0
6,10,Sureste,Santanyí,,596.0,18100.0
4,4,Noreste,Colonia de St. Pere,1250000.0,183.0,203100.0
4,2,Norte,Pollensa,735000.0,182.0,77.0
4,3,Central,Algaida,2100000.0,306.0,536.0
4,3,Noreste,Son Carrio,698250.0,176.0,0.0
3,2,Central,Binissalem,1390000.0,211.0,207.0
2,2,Palma,Palma Catedral - Casco Antiguo,695000.0,90.0,0.0
4,4,Noreste,Font de Sa Cala,4150000.0,257.0,990.0
5,6,Norte,Campanet,1850000.0,373.0,312.0
4,3,Central,Sineu,1700000.0,294.0,15600.0
3,3,Suroeste,Capdella,6600000.0,360.0,16000.0
3,3,Sur,Puig de Ros,1150000.0,157.0,315.0
2,2,Sureste,Campos,1150000.0,363.0,29400.0
6,6,Sureste,Santanyí,3900000.0,512.0,15700.0
4,3,Norte,Puerto Alcudia,675000.0,107.0,0.0
4,3,Norte,Muro,1300000.0,170.0,18400.0
8,6,Noreste,Cala Ratjada,2495000.0,708.0,1366.0
4,6,Norte,Alcudia,4200000.0,500.0,14900.0
4,3,Sureste,Campos,1490000.0,254.0,230.0
11,10,Central,Alaró,,1538.0,4200.0
4,3,Norte,Puerto Alcudia - Alcanada,1790000.0,272.0,430.0
2,1,Norte,Alcudia,695000.0,181.0,0.0
4,4,Suroeste,Bendinat,4200000.0,282.0,1439.0
4,5,Central,Llubí,2500000.0,398.0,20700.0
4,4,Noreste,Cala Ratjada,1600000.0,270.0,730.0
5,5,Sureste,Felanitx,3500000.0,498.0,26000.0
4,4,Suroeste,Costa d'en Blanes,8900000.0,589.0,970.0
4,3,Sur,Llucmajor,800000.0,361.0,172.0
4,4,Suroeste,Costa d'en Blanes,9500000.0,590.0,976.0
2,2,Suroeste,Portals,1200000.0,76.0,0.0
2,3,Palma,Palma Catedral - Casco Antiguo,1800000.0,119.0,0.0
4,3,Suroeste,Andratx,4500000.0,245.0,29900.0
6,6,Sureste,Cala Llombards,6500000.0,878.0,15700.0
0,0,Norte,Santa Margalida,495000.0,0.0,26500.0
1,1,Palma,Palma Catedral - Casco Antiguo,280000.0,33.0,0.0
6,8,Suroeste,Costa d'en Blanes,25000000.0,1065.0,2500.0
5,7,Sureste,Alquería Blanca,,423.0,729.0
5,3,Norte,Alcudia,1750000.0,245.0,18100.0
3,2,Norte,Pollensa,1350000.0,131.0,109.0
2,2,Noreste,Capdepera,780000.0,120.0,55.0
4,4,Suroeste,Cas Catalá,1495000.0,148.0,0.0
4,3,Sureste,Felanitx,1600000.0,260.0,240.0
3,2,Palma,Es Forti,595000.0,86.0,0.0
11,6,Oeste,Sóller,2700000.0,649.0,1188.0
5,4,Suroeste,Santa Ponsa,4200000.0,329.0,1030.0
4,4,Sureste,Son Macia,,848.0,50300.0
5,4,Noreste,San Lorenzo,6900000.0,490.0,30000.0
2,2,Noreste,Capdepera,750000.0,140.0,146.0
5,4,Norte,Puerto Alcudia,1600000.0,352.0,42800.0
3,2,Noreste,Costa de Los Pinos,1690000.0,154.0,1127.0
4,3,Suroeste,S'Arraco,2400000.0,218.0,7963.0
4,2,Central,Santa María,5500000.0,595.0,14200.0
3,3,Norte,Campanet,1100000.0,144.0,260.0
3,2,Norte,Puerto Alcudia,790000.0,107.0,315.0
6,5,Sureste,Campos,3650000.0,436.0,14200.0
2,2,Palma,San Agustin,1150000.0,90.0,0.0
3,2,Central,San Juan,597500.0,158.0,139.0
2,1,Norte,Puerto Alcudia - Alcanada,460000.0,58.0,0.0
6,5,Central,Puntiró,5950000.0,622.0,7904.0
6,5,Central,Puntiró,5950000.0,622.0,7904.0
5,6,Suroeste,Port Andratx,13500000.0,690.0,1113.0
3,2,Norte,Pollensa,1300000.0,251.0,90300.0
3,2,Sureste,Colonia de Sant Jordi,1350000.0,118.0,371.0
4,3,Sur,Puig de Ros,899000.0,155.0,300.0
0,0,Sureste,Alquería Blanca,1400000.0,0.0,35000.0
2,2,Central,Alaró,619000.0,143.0,83.0
3,2,Central,Sineu,1580000.0,341.0,16800.0
2,2,Noreste,Canyamel,500000.0,75.0,0.0
5,4,Central,Bunyola,1350000.0,387.0,5043.0
4,4,Norte,Pollensa,3475000.0,368.0,18100.0
2,2,Noreste,Canyamel,585000.0,75.0,0.0
4,3,Son Vida & Palma Alrededores,Palmanyola,3400000.0,315.0,1003.0
6,6,Central,Caimari,2250000.0,375.0,34300.0
3,3,Sur,Cala Blava,1550000.0,217.0,705.0
2,1,Noreste,Canyamel,436000.0,68.0,0.0
2,2,Palma,Palma Catedral - Casco Antiguo,2300000.0,145.0,0.0
3,2,Palma,Son Armadams,760000.0,219.0,0.0
2,2,Palma,Palma Catedral - Casco Antiguo,1690000.0,85.0,0.0
4,4,Sur,Llucmajor,1795000.0,490.0,525.0
3,2,Palma,Palma City Centre,1790000.0,190.0,0.0
0,0,Son Vida & Palma Alrededores,Son Vida,4600000.0,0.0,2076.0
6,5,Sur,Las Palmeras,2250000.0,711.0,2185.0
3,3,Central,Montuiri,589000.0,148.0,2015.0
3,2,Palma,Portixol & Molinar,495000.0,85.0,0.0
3,2,Sureste,Santanyí,2900000.0,257.0,1374.0
3,3,Suroeste,Andratx,2890000.0,192.0,0.0
5,5,Sureste,Santanyí,4950000.0,478.0,15600.0
5,5,Suroeste,Port Andratx,11500000.0,479.0,1168.0
2,2,Noreste,Artá,580000.0,120.0,60.0
9,2,Central,Lloret de Vista Alegre,2710000.0,1743.0,759100.0
4,2,Sur,Cala Pi,2900000.0,380.0,992.0
5,3,Suroeste,Calvià,2170000.0,230.0,15900.0
4,4,Suroeste,Santa Ponsa,5500000.0,613.0,1117.0
4,4,Noreste,Manacor,2975000.0,353.0,14700.0
3,2,Son Vida & Palma Alrededores,Palma Golf,1075000.0,101.0,0.0
3,3,Noreste,Costa de Los Pinos,2980000.0,345.0,1388.0
4,5,Suroeste,Santa Ponsa,6900000.0,445.0,1302.0
5,5,Suroeste,Santa Ponsa,5950000.0,398.0,1313.0
4,5,Noreste,Betlem,2950000.0,266.0,839.0
5,2,Central,Binissalem,1980000.0,550.0,387.0
4,3,Central,Algaida,1875000.0,313.0,16200.0
4,4,Suroeste,Santa Ponsa,6950000.0,430.0,1361.0
4,3,Norte,Campanet,695000.0,104.0,3577.0
4,4,Sureste,Campos,2600000.0,305.0,27900.0
5,5,Suroeste,Bendinat,4950000.0,403.0,1260.0
0,0,Sureste,Cala d'Or,1800000.0,0.0,1032.0
0,0,Sureste,Cala d'Or,1500000.0,0.0,1000.0
4,4,Noreste,Porto Cristo Novo,,336.0,16800.0
2,1,Palma,El Terreno,537000.0,63.0,0.0
4,4,Palma,Palma Catedral - Casco Antiguo,3950000.0,243.0,0.0
3,3,Palma,Palma Catedral - Casco Antiguo,2100000.0,210.0,0.0
3,3,Palma,Palma Catedral - Casco Antiguo,1750000.0,159.0,0.0
1,1,Palma,Palma Catedral - Casco Antiguo,380000.0,53.0,0.0
4,4,Palma,Palma Catedral - Casco Antiguo,3100000.0,323.0,0.0
5,5,Suroeste,Port Andratx,6100000.0,500.0,1100.0
4,5,Norte,Cala San Vicente,1350000.0,236.0,532.0
5,7,Son Vida & Palma Alrededores,Son Vida,11500000.0,870.0,2003.0
4,5,Son Vida & Palma Alrededores,Son Vida,5500000.0,677.0,1000.0
3,2,Son Vida & Palma Alrededores,Esporles,795000.0,150.0,129.0
0,0,Central,Sencelles,649000.0,0.0,15200.0
3,1,Central,Sencelles,649000.0,222.0,15200.0
0,0,Noreste,Canyamel,270000.0,0.0,1523.0
8,10,Sureste,Porreres,,4599.0,2070700.0
4,3,Central,Sa Cabaneta,1390000.0,279.0,1276.0
11,8,Sureste,Cas Concos,11950000.0,1760.0,24800.0
4,4,Sureste,Portocolom,3250000.0,382.0,15100.0
2,2,Suroeste,Portals,1325000.0,95.0,0.0
8,6,Central,Binissalem,3900000.0,400.0,8261.0
0,0,Noreste,San Lorenzo,350000.0,0.0,15000.0
7,4,Noreste,Capdepera,5500000.0,928.0,343000.0
3,3,Noreste,Manacor,2200000.0,176.0,2075.0
0,0,Oeste,Deià,3900000.0,681.0,91700.0
0,0,Sureste,Felanitx,385000.0,0.0,540.0
0,0,Central,Caimari,360000.0,0.0,238.0
6,7,Central,Biniamar,1250000.0,323.0,175.0
4,3,Sureste,Cala d'Or,4200000.0,496.0,1500.0
3,3,Sur,Bahía Grande / Bahía Azul,1800000.0,237.0,620.0
5,3,Central,Sa Cabaneta,1690000.0,351.0,1550.0
7,7,Noreste,Canyamel,7500000.0,714.0,4545.0
6,5,Norte,Pollensa,3375000.0,490.0,14200.0
4,3,Sur,Cala Pi,1450000.0,240.0,1500.0
4,2,Sureste,Ses Covetes,1950000.0,180.0,14700.0
3,3,Sureste,Santanyí,1490000.0,173.0,383.0
2,2,Norte,Pollensa,795000.0,110.0,84.0
6,6,Suroeste,Port Andratx,33000000.0,1017.0,2226.0
2,1,Norte,Puerto Alcudia,465000.0,57.0,0.0
3,3,Sur,Llucmajor,1300000.0,191.0,7684.0
3,2,Sureste,Colonia de Sant Jordi,1450000.0,200.0,0.0
4,3,Sur,Sa Torre,2350000.0,428.0,1100.0
4,2,Noreste,Canyamel,6000000.0,300.0,1464.0
3,2,Norte,Santa Margalida,685000.0,100.0,7291.0
0,0,Norte,Can Picafort,255000.0,0.0,14500.0
0,0,Norte,Santa Margalida,275000.0,0.0,14500.0
3,1,Norte,Puerto Alcudia,795000.0,106.0,0.0
3,1,Norte,Alcudia,695000.0,181.0,0.0
3,3,Palma,Sa Teulera,1550000.0,235.0,378.0
4,3,Noreste,Artá,550000.0,200.0,70.0
3,3,Sureste,Santanyí,2500000.0,232.0,235.0
3,2,Central,Alaró,1950000.0,204.0,15000.0
0,0,Sureste,Colonia de Sant Jordi,1600000.0,135.0,210.0
6,2,Norte,Cala San Vicente,745000.0,284.0,551.0
3,2,Norte,Campanet,560000.0,146.0,81.0
3,2,Noreste,Son Servera,795000.0,136.0,0.0
5,5,Suroeste,Santa Ponsa,3900000.0,501.0,1612.0
3,2,Suroeste,Capdella,1200000.0,135.0,0.0
2,2,Oeste,Deià,900000.0,113.0,49.0
3,3,Palma,Palma Catedral - Casco Antiguo,5895000.0,275.0,0.0
4,3,Suroeste,Cas Catalá,1675000.0,170.0,0.0
0,0,Son Vida & Palma Alrededores,Son Vida,5800000.0,0.0,2070.0
6,6,Sureste,Calonge,4600000.0,420.0,16900.0
4,3,Norte,Alcudia - Bonaire,1795000.0,202.0,400.0
4,4,Central,Alaró,2495000.0,508.0,4575.0
3,2,Central,Sineu,1450000.0,225.0,14200.0
4,5,Central,Lloseta,3700000.0,387.0,569.0
4,4,Palma,San Agustin,3200000.0,206.0,0.0
4,4,Norte,Puerto Pollensa,2900000.0,180.0,0.0
4,3,Noreste,Canyamel,1249000.0,223.0,764.0
2,2,Palma,Palma Catedral - Casco Antiguo,875000.0,136.0,0.0
4,4,Suroeste,Cala Major,2950000.0,160.0,0.0
2,2,Sur,Llucmajor,850000.0,138.0,14300.0
6,6,Sur,Son Veri,14500000.0,571.0,1280.0
5,5,Noreste,Capdepera,1780000.0,350.0,6260.0
5,7,Suroeste,Port Andratx,35000000.0,520.0,5754.0
4,4,Central,Llubí,1720000.0,323.0,266.0
3,2,Central,Sineu,1590000.0,315.0,752.0
4,2,Suroeste,Costa d'en Blanes,3450000.0,247.0,825.0
5,6,Central,S'Aranjassa,2950000.0,389.0,13100.0
3,2,Palma,Palma City Centre,650000.0,100.0,0.0
4,4,Sur,Llucmajor,1650000.0,386.0,7115.0
5,5,Suroeste,Cala Vinyes,5950000.0,600.0,1129.0
5,3,Central,Petra,750000.0,326.0,200.0
4,4,Central,Sencelles,1750000.0,423.0,7103.0
4,4,Central,Selva,4600000.0,456.0,25200.0
5,4,Central,Alaró,1425000.0,239.0,205.0
0,0,Oeste,Valldemossa,590000.0,0.0,1300.0
2,2,Palma,Camp d'en Serralta,580000.0,73.0,0.0
3,2,Norte,Muro,995000.0,216.0,176.0
2,2,Palma,Portixol & Molinar,860000.0,88.0,0.0
3,4,Suroeste,Port Andratx,2675000.0,181.0,0.0
0,0,Son Vida & Palma Alrededores,Son Vida,3000000.0,0.0,2185.0
8,8,Son Vida & Palma Alrededores,Son Vida,5950000.0,884.0,2015.0
3,3,Oeste,Sóller,2655000.0,227.0,0.0
0,0,Son Vida & Palma Alrededores,Palma Golf,950000.0,0.0,966.0
5,5,Suroeste,Calvià,2950000.0,390.0,683.0
4,4,Norte,Alcudia - Bonaire,3300000.0,215.0,1000.0
7,4,Sureste,Portocolom,3600000.0,383.0,1360.0
3,3,Suroeste,Bendinat,2950000.0,190.0,0.0
2,2,Sureste,Sa Rapita,590000.0,75.0,0.0
4,4,Son Vida & Palma Alrededores,Establiments,3500000.0,480.0,1200.0
3,3,Noreste,Port Verd,950000.0,137.0,0.0
3,2,Sureste,Cala Llombards,1290000.0,145.0,420.0
3,2,Palma,Playa de Palma & Arenal,475000.0,97.0,0.0
4,3,Noreste,Son Servera,780000.0,224.0,183.0
5,5,Central,Inca,5100000.0,375.0,15200.0
4,6,Norte,Puerto Alcudia - Alcanada,2275000.0,376.0,1166.0
3,3,Palma,Portixol & Molinar,2500000.0,181.0,356.0
0,0,Central,Sencelles,750000.0,0.0,22300.0
5,3,Central,Binissalem,3500000.0,379.0,23400.0
4,4,Palma,Playa de Palma & Arenal,2500000.0,376.0,0.0
2,2,Noreste,San Lorenzo,450000.0,154.0,176.0
3,2,Norte,Pollensa,1600000.0,160.0,6094.0
4,4,Sureste,Felanitx,1500000.0,235.0,17200.0
4,4,Sureste,Felanitx,1500000.0,235.0,16800.0
3,2,Son Vida & Palma Alrededores,Palma Golf,970000.0,106.0,0.0
3,3,Sureste,Ses Salines,1790000.0,176.0,119.0
5,3,Son Vida & Palma Alrededores,Puigpunyent & Galilea,895000.0,163.0,223.0
3,1,Oeste,Deià,1300000.0,152.0,0.0
3,3,Central,Maria de la Salut,845000.0,173.0,161.0
3,3,Suroeste,Palmanova,2300000.0,205.0,509.0
12,14,Central,Sencelles,,937.0,113800.0
3,3,Son Vida & Palma Alrededores,Son Vida,3300000.0,275.0,598.0
3,1,Palma,Portixol & Molinar,680000.0,97.0,0.0
3,3,Sureste,Es Llombards,1950000.0,212.0,16900.0
4,4,Oeste,Sóller,1825000.0,266.0,0.0
2,2,Palma,Palma Catedral - Casco Antiguo,1200000.0,110.0,0.0
5,4,Sur,Cala Pi,2460000.0,355.0,872.0
3,3,Sur,Llucmajor,1995000.0,302.0,1276.0
2,1,Suroeste,Portals,749000.0,77.0,0.0
3,3,Palma,Es Forti,860000.0,139.0,0.0
3,3,Sureste,Santanyí,3480000.0,360.0,485.0
4,3,Suroeste,Port Andratx,6500000.0,333.0,1936.0
0,0,Central,Algaida,248000.0,0.0,21300.0
0,0,Central,Algaida,248000.0,0.0,21500.0
3,4,Sureste,Cala d'Or,1739000.0,250.0,1049.0
0,0,Sureste,Cala Santanyi,850000.0,0.0,48100.0
3,1,Oeste,Estellencs,350000.0,120.0,0.0
6,6,Central,Santa María,4950000.0,548.0,3445.0
2,2,Palma,Palma Catedral - Casco Antiguo,1175000.0,137.0,0.0
3,2,Suroeste,Portals,1525000.0,257.0,0.0
5,5,Norte,Cala San Vicente,850000.0,240.0,706.0
4,5,Suroeste,Port Adriano,3490000.0,148.0,750.0
0,0,Suroeste,Camp de Mar,2450000.0,0.0,1006.0
4,4,Suroeste,Cas Catalá,2500000.0,203.0,0.0
4,3,Norte,Can Picafort,785000.0,118.0,378.0
0,0,Norte,Muro,192000.0,0.0,207.0
6,6,Son Vida & Palma Alrededores,Son Vida,8350000.0,900.0,2137.0
3,4,Norte,Puerto Alcudia,965000.0,191.0,0.0
6,3,Norte,Puerto Alcudia - Alcanada,4300000.0,158.0,1200.0
2,1,Oeste,Deià,780000.0,147.0,0.0
5,5,Suroeste,Santa Ponsa,3450000.0,272.0,991.0
4,4,Suroeste,Santa Ponsa,3450000.0,245.0,900.0
2,2,Central,San Juan,449000.0,224.0,0.0
0,0,Central,S'Aranjassa,495000.0,0.0,7336.0
2,3,Suroeste,Santa Ponsa,870000.0,123.0,0.0
4,6,Central,Selva,4950000.0,591.0,14300.0
4,4,Norte,Sa Pobla,1650000.0,284.0,1047.0
3,2,Suroeste,Port Andratx,2980000.0,127.0,0.0
2,2,Palma,La Bonanova,749000.0,90.0,0.0
4,3,Suroeste,Andratx,1140000.0,161.0,2940.0
6,3,Central,Puntiró,2250000.0,385.0,9300.0
4,5,Suroeste,Santa Ponsa,8800000.0,730.0,1470.0
5,5,Sureste,Santanyí,2950000.0,336.0,17800.0
9,7,Sur,Llucmajor,3900000.0,430.0,18400.0
3,4,Noreste,Artá,1920000.0,375.0,251.0
2,2,Palma,Son Armadams,850000.0,109.0,0.0
0,0,Noreste,Son Carrio,385000.0,0.0,16600.0
0,1,Norte,Puerto Alcudia,210000.0,34.0,0.0
5,3,Sur,Llucmajor,,350.0,226.0
4,4,Norte,Santa Margalida,3200000.0,358.0,14300.0
3,2,Oeste,Puerto de Sóller,650000.0,94.0,0.0
4,4,Norte,Alcudia - Bonaire,3950000.0,312.0,1150.0
3,2,Suroeste,Palmanova,755000.0,110.0,0.0
3,2,Suroeste,Palmanova,775000.0,93.0,0.0
2,2,Suroeste,Palmanova,606000.0,98.0,0.0
2,2,Suroeste,Palmanova,686000.0,98.0,0.0
3,2,Suroeste,Palmanova,836000.0,115.0,0.0
4,3,Noreste,Canyamel,1790000.0,289.0,7000.0
0,0,Central,Maria de la Salut,320000.0,0.0,42400.0
2,2,Palma,Palma Catedral - Casco Antiguo,695000.0,95.0,0.0
0,0,Central,Llubí,320000.0,0.0,14300.0
5,5,Son Vida & Palma Alrededores,Son Vida,8500000.0,850.0,2137.0
6,5,Oeste,Port des Canonge,1600000.0,350.0,35000.0
5,3,Noreste,Costa de Los Pinos,1950000.0,373.0,1586.0
9,6,Noreste,Artá,,523.0,709800.0
4,3,Suroeste,Port Andratx,4950000.0,387.0,1308.0
2,2,Palma,Santa Catalina,1290000.0,110.0,0.0
0,0,Norte,Pollensa,1300000.0,0.0,90300.0
4,3,Norte,Puerto Alcudia - Alcanada,1650000.0,240.0,412.0
6,5,Central,Lloret de Vista Alegre,2650000.0,861.0,6017.0
0,0,Sureste,Cala Murada,440000.0,0.0,3000.0
3,3,Norte,Alcudia,620000.0,101.0,416.0
2,2,Palma,Son Espanyolet,465000.0,71.0,0.0
3,3,Norte,Alcudia,398000.0,270.0,200.0
7,8,Son Vida & Palma Alrededores,Son Vida,19995000.0,1153.0,2744.0
0,0,Sureste,Cas Concos,1250000.0,0.0,30100.0
5,6,Suroeste,Santa Ponsa,13800000.0,664.0,1230.0
2,2,Palma,El Terreno,895000.0,123.0,0.0
7,8,Sureste,Santanyí,7500000.0,808.0,20400.0
0,0,Suroeste,Port Andratx,9800000.0,0.0,2050.0
5,5,Suroeste,Port Andratx,6950000.0,650.0,1089.0
5,5,Sur,Sa Torre,6900000.0,374.0,1253.0
4,3,Sureste,Alquería Blanca,2800000.0,537.0,3800.0
4,2,Suroeste,Costa de la Calma,2290000.0,200.0,1035.0
10,16,Son Vida & Palma Alrededores,Puigpunyent & Galilea,24000000.0,4000.0,630000.0
2,2,Palma,Paseo Marítimo,1090000.0,90.0,0.0
4,2,Norte,Campanet,1090000.0,192.0,635.0
5,5,Suroeste,Port Andratx,9800000.0,354.0,2050.0
4,4,Suroeste,Calvià,1795000.0,370.0,0.0
2,2,Noreste,Cala Ratjada,950000.0,157.0,0.0
2,2,Suroeste,Cala Major,695000.0,90.0,0.0
4,3,Palma,Portixol & Molinar,,292.0,0.0
3,2,Sur,Puig de Ros,890000.0,258.0,350.0
3,2,Norte,Muro,410000.0,134.0,111.0
4,1,Norte,Pollensa,890000.0,86.0,7718.0
3,3,Noreste,Son Servera,1900000.0,190.0,470.0
5,4,Son Vida & Palma Alrededores,Son Vida,4690000.0,501.0,2600.0
4,5,Suroeste,Camp de Mar,11500000.0,667.0,1426.0
0,0,Central,Maria de la Salut,270000.0,0.0,28300.0
2,2,Palma,La Bonanova,849000.0,102.0,0.0
0,0,Central,Selva,895000.0,0.0,21400.0
5,7,Oeste,Sóller,5950000.0,730.0,402.0
0,0,Noreste,Colonia de St. Pere,580000.0,0.0,405.0
1,1,Sur,Maioris Décima,270000.0,55.0,0.0
0,0,Sureste,Sa Rapita,305000.0,0.0,756.0
8,10,Oeste,Valldemossa,12950000.0,1092.0,23600.0
4,3,Central,Portol,3300000.0,287.0,14100.0
0,0,Central,Montuiri,850000.0,0.0,34800.0
3,3,Suroeste,Santa Ponsa,3650000.0,141.0,0.0
4,3,Sur,Puig de Ros,1290000.0,170.0,355.0
0,0,Sur,Bahía Grande / Bahía Azul,450000.0,0.0,810.0
0,0,Suroeste,Port Andratx,8500000.0,0.0,1750.0
4,3,Suroeste,Costa d'en Blanes,1850000.0,221.0,1440.0
5,0,Son Vida & Palma Alrededores,Son Vida,11400000.0,1045.0,2104.0
3,3,Palma,Palma Catedral - Casco Antiguo,2550000.0,232.0,0.0
2,2,Noreste,Cala Ratjada,950000.0,153.0,0.0
1,1,Palma,El Terreno,420000.0,38.0,0.0
4,2,Sureste,Portopetro,1900000.0,140.0,540.0
3,4,Oeste,Deià,1000000.0,280.0,0.0
4,5,Norte,Sa Pobla,2400000.0,299.0,1053.0
9,9,Suroeste,Santa Ponsa,34450000.0,743.0,5325.0
0,0,Son Vida & Palma Alrededores,Son Vida,4600000.0,0.0,2081.0
4,3,Oeste,Deià,5950000.0,279.0,25000.0
3,3,Suroeste,Santa Ponsa,1390000.0,208.0,0.0
3,3,Oeste,Sóller,1350000.0,186.0,131.0
2,2,Suroeste,Santa Ponsa,670000.0,114.0,0.0
5,5,Palma,Genova,2750000.0,270.0,488.0
4,2,Suroeste,Santa Ponsa,2150000.0,146.0,0.0
3,2,Suroeste,Bendinat,1495000.0,107.0,0.0
2,2,Suroeste,Bendinat,1450000.0,103.0,0.0
5,6,Son Vida & Palma Alrededores,Son Vida,5950000.0,827.0,2806.0
2,2,Suroeste,Port Andratx,890000.0,103.0,0.0
4,3,Suroeste,Santa Ponsa,1970000.0,155.0,0.0
4,4,Central,Alaró,1850000.0,280.0,150.0
4,4,Suroeste,Camp de Mar,5500000.0,508.0,1828.0
0,0,Noreste,Manacor,450000.0,0.0,32000.0
5,5,Sur,Bahía Grande / Bahía Azul,2980000.0,388.0,1570.0
3,2,Sureste,Cala Llombards,2995000.0,217.0,1182.0
2,1,Palma,Portixol & Molinar,585000.0,77.0,0.0
2,2,Palma,Portixol & Molinar,1100000.0,83.0,0.0
3,2,Central,Santa María,1250000.0,205.0,0.0
3,2,Noreste,Manacor,2100000.0,410.0,15600.0
3,3,Sureste,Campos,685000.0,144.0,127.0
3,3,Sureste,Campos,685000.0,144.0,127.0
3,3,Central,Lloseta,1200000.0,271.0,419.0
3,3,Noreste,Son Carrio,1850000.0,190.0,7535.0
3,3,Central,Maria de la Salut,1200000.0,146.0,688.0
4,6,Central,Sineu,3450000.0,466.0,17000.0
2,2,Palma,Palma City Centre,1095000.0,86.0,0.0
0,0,Central,Lloret de Vista Alegre,850000.0,0.0,16000.0
4,4,Central,San Juan,1850000.0,378.0,17000.0
2,1,Suroeste,Palmanova,650000.0,84.0,0.0
3,3,Palma,San Agustin,2225000.0,144.0,0.0
3,3,Palma,San Agustin,3485000.0,191.0,0.0
3,3,Palma,San Agustin,4250000.0,212.0,0.0
0,0,Noreste,Porto Cristo,2160000.0,0.0,900.0
2,3,Palma,Palma Catedral - Casco Antiguo,995000.0,183.0,0.0
6,5,Suroeste,Bendinat,9000000.0,574.0,1251.0
3,2,Norte,Pollensa,670000.0,165.0,111.0
2,2,Palma,Palma Catedral - Casco Antiguo,1250000.0,134.0,0.0
2,2,Noreste,Manacor,1500000.0,110.0,25000.0
3,3,Norte,Puerto Alcudia - Alcanada,1250000.0,241.0,455.0
4,4,Suroeste,Cala Vinyes,2495000.0,300.0,1255.0
0,0,Central,Montuiri,479000.0,0.0,14700.0
5,3,Central,Santa María,1900000.0,407.0,7000.0
7,7,Sur,Llucmajor,1900000.0,339.0,7867.0
3,2,Suroeste,Cas Catalá,1500000.0,95.0,0.0
3,2,Suroeste,Illetas,1600000.0,71.0,0.0
5,4,Sureste,Portocolom,3950000.0,370.0,28000.0
3,2,Suroeste,Paguera,1590000.0,114.0,0.0
3,2,Palma,Playa de Palma & Arenal,490000.0,106.0,0.0
3,5,Sureste,Portocolom,2290000.0,214.0,628.0
4,3,Suroeste,S'Arraco,4300000.0,227.0,6041.0
3,2,Central,Ariany,950000.0,407.0,466.0
3,3,Central,Montuiri,1895000.0,221.0,14700.0
4,4,Suroeste,Portals,8950000.0,387.0,874.0
3,3,Noreste,Cala Ratjada,875000.0,168.0,0.0
3,3,Sureste,Sa Rapita,1730000.0,345.0,812.0
3,2,Sur,Llucmajor,875000.0,443.0,12800.0
4,4,Sureste,Santanyí,4200000.0,318.0,300.0
5,4,Oeste,Valldemossa,13000000.0,986.0,2692.0
4,4,Noreste,Son Servera,2250000.0,250.0,7100.0
5,6,Suroeste,Costa de la Calma,7500000.0,590.0,2429.0
3,2,Oeste,Puerto de Sóller,890000.0,95.0,0.0
3,2,Oeste,Puerto de Sóller,875000.0,95.0,0.0
3,2,Oeste,Puerto de Sóller,990000.0,117.0,0.0
9,10,Noreste,Costa de Los Pinos,,993.0,6012.0
0,0,Noreste,Son Carrio,393750.0,0.0,17500.0
2,2,Central,Inca,1750000.0,138.0,3525.0
3,2,Palma,Santa Catalina,1650000.0,110.0,0.0
4,3,Palma,Paseo Marítimo,2250000.0,161.0,0.0
3,3,Sur,Llucmajor,740000.0,251.0,2300.0
4,3,Oeste,Valldemossa,2175000.0,400.0,840.0
2,2,Suroeste,Port Andratx,1690000.0,83.0,0.0
3,3,Noreste,Colonia de St. Pere,1270000.0,369.0,434.0
12,11,Central,Llubí,5500000.0,730.0,61500.0
4,4,Suroeste,Bendinat,7475000.0,423.0,810.0
5,6,Suroeste,Costa d'en Blanes,7495000.0,468.0,1374.0
0,0,Sureste,Campos,1500000.0,0.0,233300.0
5,5,Son Vida & Palma Alrededores,Son Vida,5490000.0,600.0,2000.0
2,2,Suroeste,Santa Ponsa,1085000.0,90.0,0.0
4,3,Suroeste,Santa Ponsa,1750000.0,300.0,1099.0
6,6,Noreste,Artá,2880000.0,270.0,705.0
5,7,Central,Santa María,16200000.0,700.0,14200.0
4,3,Sur,Sa Torre,2995000.0,407.0,1000.0
2,2,Suroeste,Port Andratx,1290000.0,96.0,0.0
3,2,Palma,Son Armadams,1040000.0,120.0,0.0
3,2,Suroeste,Port Andratx,1295000.0,144.0,0.0
0,0,Son Vida & Palma Alrededores,Son Vida,3000000.0,0.0,4558.0
2,2,Noreste,Cala Ratjada,569000.0,85.0,0.0
3,4,Suroeste,Bendinat,1995000.0,136.0,0.0
4,4,Suroeste,Port Andratx,6250000.0,313.0,1736.0
3,3,Sureste,Santanyí,3495000.0,332.0,370.0
4,3,Sureste,Santanyí,1490000.0,255.0,1042.0
0,0,Noreste,Canyamel,995000.0,0.0,1200.0
4,3,Sureste,Es Llombards,1350000.0,323.0,308.0
5,4,Oeste,Valldemossa,3700000.0,422.0,1016.0
4,2,Suroeste,Bendinat,1650000.0,129.0,0.0
2,1,Central,Marratxi,499000.0,80.0,0.0
3,2,Oeste,Puerto de Sóller,1090000.0,98.0,0.0
3,2,Oeste,Puerto de Sóller,940000.0,102.0,0.0
4,2,Central,Alaró,980000.0,278.0,1486.0
4,4,Central,Bunyola,5750000.0,362.0,23000.0
5,5,Suroeste,Port Andratx,7900000.0,838.0,1022.0
3,3,Sureste,Sa Rapita,875000.0,105.0,0.0
3,4,Noreste,Capdepera,4000000.0,238.0,16200.0
6,2,Sur,Llucmajor,7000000.0,1390.0,1847400.0
8,7,Noreste,Costa de Los Pinos,4500000.0,612.0,1403.0
8,8,Son Vida & Palma Alrededores,Son Vida,21000000.0,1500.0,4250.0
0,0,Central,San Juan,249000.0,0.0,17800.0
3,2,Sur,Cala Pi,2400000.0,134.0,661.0
3,2,Oeste,Sóller,780000.0,171.0,65.0
4,3,Central,Inca,1290000.0,353.0,7030.0
5,5,Suroeste,Camp de Mar,2900000.0,176.0,1460.0
3,2,Palma,Santa Catalina,1750000.0,216.0,0.0
5,5,Norte,Pollensa,2500000.0,295.0,5197.0
0,0,Central,Bunyola,2300000.0,0.0,23200.0
3,3,Suroeste,Cas Catalá,2550000.0,295.0,374.0
4,5,Suroeste,Santa Ponsa,5450000.0,402.0,1156.0
6,6,Central,Bunyola,14500000.0,686.0,23400.0
5,6,Noreste,Canyamel,4500000.0,544.0,887.0
3,2,Sur,Llucmajor,795000.0,146.0,14900.0
1,1,Palma,Paseo Marítimo,435000.0,47.0,0.0
5,6,Sureste,Campos,2150000.0,339.0,16800.0
2,2,Palma,Es Forti,695000.0,84.0,0.0
4,4,Noreste,Port Verd,6250000.0,356.0,1235.0
3,2,Suroeste,S'Arraco,945000.0,154.0,202.0
3,3,Central,Alaró,1050000.0,166.0,162.0
3,2,Oeste,Puerto de Sóller,1590000.0,151.0,0.0
3,3,Noreste,Porto Cristo,4300000.0,294.0,410.0
6,5,Sur,Llucmajor,2000000.0,606.0,23300.0
0,0,Central,Portol,1190000.0,0.0,14300.0
4,3,Son Vida & Palma Alrededores,Esporles,1250000.0,285.0,1027.0
4,4,Son Vida & Palma Alrededores,Puigpunyent & Galilea,1700000.0,343.0,1047.0
6,2,Noreste,Son Servera,1350000.0,251.0,5909.0
0,0,Norte,Sa Pobla,197000.0,0.0,21800.0
3,4,Noreste,Costa de Los Pinos,3300000.0,443.0,1467.0
4,4,Son Vida & Palma Alrededores,Puigpunyent & Galilea,2500000.0,319.0,7521.0
3,3,Noreste,Artá,890000.0,240.0,23000.0
5,3,Suroeste,Cala Vinyes,1295000.0,174.0,0.0
0,0,Central,Puntiró,890000.0,0.0,7500.0
4,4,Central,Puntiró,5950000.0,584.0,7500.0
1,1,Palma,Playa de Palma & Arenal,399000.0,57.0,0.0
5,3,Noreste,Canyamel,,235.0,3110.0
4,4,Central,Marratxi,3250000.0,439.0,21100.0
4,5,Suroeste,Santa Ponsa,2800000.0,410.0,1400.0
3,3,Norte,Pollensa,689000.0,144.0,91.0
6,7,Sur,Llucmajor,2400000.0,443.0,15100.0
2,2,Palma,Palma Catedral - Casco Antiguo,985000.0,126.0,0.0
2,2,Noreste,Son Servera,675000.0,119.0,80.0
2,2,Noreste,Son Servera,675000.0,123.0,93.0
3,2,Palma,Palma Catedral - Casco Antiguo,1195000.0,172.0,0.0
4,3,Central,Son Gual,2640000.0,403.0,2006.0
5,4,Suroeste,Santa Ponsa,4950000.0,342.0,1249.0
4,4,Palma,Palma Catedral - Casco Antiguo,1895000.0,250.0,0.0
4,3,Noreste,Son Servera,1090000.0,200.0,232.0
2,2,Palma,Santa Catalina,850000.0,152.0,0.0
0,0,Norte,Muro,240000.0,0.0,17100.0
3,4,Norte,Puerto Alcudia - Alcanada,3195000.0,270.0,470.0
0,0,Central,Moscari,450000.0,0.0,20600.0
4,3,Sur,Puig de Ros,1065000.0,164.0,300.0
4,3,Sur,Puig de Ros,1085000.0,164.0,300.0
4,3,Sur,Puig de Ros,1065000.0,164.0,300.0
4,3,Sur,Puig de Ros,1040000.0,164.0,300.0
4,3,Sur,Puig de Ros,1045000.0,164.0,300.0
4,3,Sur,Puig de Ros,1045000.0,164.0,300.0
4,5,Noreste,Canyamel,3995000.0,671.0,1092.0
0,0,Noreste,Costa de Los Pinos,850000.0,0.0,1538.0
3,3,Palma,Palma Catedral - Casco Antiguo,3250000.0,185.0,0.0
3,3,Norte,Can Picafort,1200000.0,234.0,350.0
3,3,Norte,Can Picafort,1150000.0,231.0,217.0
3,3,Norte,Can Picafort,1200000.0,234.0,350.0
4,4,Suroeste,Port Andratx,4750000.0,276.0,1000.0
3,3,Norte,Campanet,2150000.0,187.0,6566.0
0,0,Suroeste,Port Andratx,3250000.0,0.0,1672.0
0,0,Central,Ariany,990000.0,0.0,207800.0
4,3,Palma,El Terreno,6500000.0,378.0,0.0
4,4,Sur,Llucmajor,3900000.0,285.0,21100.0
4,4,Suroeste,Costa d'en Blanes,8500000.0,690.0,1045.0
3,3,Oeste,Deià,2100000.0,227.0,220.0
5,2,Oeste,Sóller,1045000.0,197.0,440.0
4,4,Suroeste,Capdella,2950000.0,362.0,843.0
5,5,Palma,El Terreno,10000000.0,601.0,890.0
3,2,Palma,San Agustin,1350000.0,140.0,0.0
4,4,Suroeste,Santa Ponsa,3800000.0,224.0,1440.0
4,3,Central,Selva,845000.0,282.0,193.0
5,6,Palma,La Bonanova,3500000.0,482.0,700.0
4,4,Norte,Puerto Alcudia,2850000.0,290.0,420.0
7,3,Oeste,Sóller,875000.0,230.0,113.0
6,10,Palma,Portixol & Molinar,14900000.0,930.0,0.0
3,3,Suroeste,Port Andratx,4450000.0,192.0,1430.0
4,3,Central,Llubí,895000.0,464.0,20700.0
3,3,Oeste,Sóller,800000.0,220.0,127.0
6,3,Noreste,Son Servera,2655000.0,301.0,92300.0
3,3,Noreste,Porto Cristo,799000.0,190.0,0.0
0,0,Noreste,Manacor,890000.0,0.0,28000.0
5,7,Norte,Alcudia,7500000.0,304.0,31500.0
2,1,Palma,Palma Catedral - Casco Antiguo,525000.0,85.0,0.0
3,2,Palma,Palma Catedral - Casco Antiguo,2210000.0,129.0,0.0
3,3,Palma,Son Espanyolet,1500000.0,197.0,0.0
3,3,Palma,Son Espanyolet,1500000.0,150.0,0.0
5,5,Sureste,Felanitx,4900000.0,476.0,20600.0
2,2,Palma,Palma Catedral - Casco Antiguo,3190000.0,186.0,0.0
4,1,Central,Binissalem,1500000.0,784.0,1828.0
5,5,Sur,Llucmajor,2590000.0,431.0,17100.0
4,4,Norte,Campanet,540000.0,224.0,274.0
3,4,Noreste,Manacor,1750000.0,973.0,403100.0
3,3,Oeste,Deià,3590000.0,280.0,1747.0
2,2,Palma,Portixol & Molinar,895000.0,82.0,0.0
0,0,Norte,Puerto Alcudia - Alcanada,1195000.0,0.0,600.0
2,2,Palma,Palma Catedral - Casco Antiguo,2000000.0,129.0,0.0
5,3,Central,Santa María,2500000.0,424.0,10654.0
3,3,Palma,Palma Catedral - Casco Antiguo,3150000.0,199.0,0.0
0,0,Central,Santa María,1600000.0,459.0,3732.0
2,2,Suroeste,Port Andratx,3250000.0,141.0,0.0
3,3,Central,Alaró,2200000.0,380.0,986.0
4,5,Sureste,Cala Llombards,6200000.0,455.0,17800.0
0,0,Norte,Pollensa,1500000.0,0.0,44500.0
5,5,Suroeste,Port Andratx,13900000.0,628.0,1054.0
4,7,Sureste,Santanyí,4300000.0,439.0,428.0
5,3,Palma,Son Dameto,1050000.0,186.0,0.0
4,6,Central,Bunyola,9000000.0,441.0,35900.0
4,6,Central,Bunyola,8000000.0,732.0,35500.0
4,5,Central,Bunyola,11000000.0,890.0,57100.0
5,8,Central,Santa María,8250000.0,640.0,15100.0
4,3,Palma,Palma Catedral - Casco Antiguo,1395000.0,141.0,0.0
0,0,Norte,Pollensa,1165000.0,0.0,24900.0
0,0,Suroeste,Port Andratx,2495000.0,0.0,882.0
4,3,Palma,La Bonanova,2400000.0,303.0,657.0
6,5,Central,Mancor del Valle,849000.0,650.0,400.0
5,5,Palma,Palma Catedral - Casco Antiguo,19500000.0,1375.0,0.0
2,2,Sureste,Campos,1995000.0,168.0,14500.0
4,3,Palma,Palma City Centre,960000.0,132.0,0.0
6,6,Central,Santa María,7900000.0,872.0,68400.0
5,5,Suroeste,Port Andratx,6900000.0,493.0,1573.0
3,2,Noreste,Artá,650000.0,177.0,64.0
2,2,Son Vida & Palma Alrededores,Establiments,1100000.0,271.0,5808.0
4,2,Norte,Alcudia,1290000.0,360.0,17000.0
5,5,Palma,Palma Catedral - Casco Antiguo,9800000.0,480.0,0.0
6,6,Son Vida & Palma Alrededores,Son Vida,6500000.0,645.0,2948.0
0,0,Suroeste,Port Andratx,2850000.0,0.0,1350.0
0,0,Palma,Palma Catedral - Casco Antiguo,1675000.0,468.0,0.0
4,4,Norte,Alcudia,3500000.0,433.0,998.0
2,2,Suroeste,Port Andratx,1350000.0,88.0,0.0
3,3,Palma,Palma Catedral - Casco Antiguo,2640000.0,208.0,0.0
3,2,Noreste,Artá,690000.0,155.0,7143.0
0,0,Suroeste,Paguera,1800000.0,0.0,1486.0
0,0,Suroeste,Paguera,6900000.0,0.0,3760.0
0,0,Suroeste,Paguera,2100000.0,0.0,1682.0
0,0,Suroeste,Paguera,2100000.0,0.0,1510.0
6,2,Oeste,Sóller,1500000.0,575.0,661.0
3,2,Sureste,Felanitx,990000.0,174.0,256.0
4,4,Central,Sa Coma - Bunyola,2300000.0,664.0,3518.0
2,2,Suroeste,Cas Catalá,735000.0,104.0,0.0
2,2,Noreste,Colonia de St. Pere,1600000.0,140.0,35500.0
3,2,Suroeste,Cas Catalá,1650000.0,121.0,0.0
4,3,Suroeste,Port Andratx,1690000.0,96.0,0.0
6,6,Suroeste,Bendinat,7500000.0,400.0,1085.0
4,5,Central,Sineu,2975000.0,478.0,30000.0
3,1,Central,Pina,540000.0,313.0,28300.0
0,0,Central,Algaida,175000.0,0.0,14000.0
6,3,Noreste,Son Servera,3100000.0,500.0,11888.0
4,2,Central,Algaida,1950000.0,499.0,5043.0
6,4,Norte,Sa Pobla,1150000.0,340.0,2000.0
5,6,Suroeste,Costa d'en Blanes,7450000.0,367.0,803.0
7,6,Sureste,Campos,2990000.0,656.0,44600.0
3,3,Oeste,Sóller,1385000.0,161.0,0.0
0,0,Sur,Llucmajor,395000.0,0.0,1946.0
3,2,Norte,Muro,590000.0,143.0,198.0
3,2,Oeste,Deià,850000.0,180.0,107.0
3,3,Suroeste,Santa Ponsa,1690000.0,203.0,822.0
3,3,Suroeste,Port Andratx,3880000.0,152.0,0.0
5,5,Sur,Llucmajor,6350000.0,460.0,124100.0
3,3,Sur,Puig de Ros,1390000.0,355.0,913.0
4,2,Sur,Llucmajor,895000.0,335.0,619.0
6,1,Sur,Llucmajor,590000.0,582.0,306.0
4,2,Central,Santa María,1200000.0,221.0,162.0
5,5,Suroeste,Santa Ponsa,2750000.0,330.0,1100.0
3,2,Sur,Llucmajor,420000.0,159.0,86.0
6,6,Oeste,Sóller,2995000.0,365.0,321.0
0,0,Son Vida & Palma Alrededores,Son Vida,3200000.0,0.0,2204.0
5,4,Sureste,Son Macia,2950000.0,591.0,18800.0
5,5,Oeste,Sóller,3255000.0,600.0,4000.0
11,11,Central,Petra,2900000.0,876.0,14000.0
5,2,Norte,Sa Pobla,1425000.0,235.0,3425.0
5,4,Sur,Cala Blava,1950000.0,428.0,2700.0
0,0,Suroeste,Port Andratx,3950000.0,0.0,1463.0
2,2,Oeste,Puerto de Sóller,595000.0,72.0,0.0
5,3,Palma,El Terreno,2950000.0,200.0,285.0
5,5,Sureste,Santanyí,4800000.0,480.0,300.0
3,4,Noreste,Artá,1250000.0,180.0,123.0
6,6,Sureste,Santanyí,4500000.0,469.0,300.0
0,0,Norte,Santa Margalida,330000.0,0.0,21500.0
3,3,Sureste,Ses Salines,2350000.0,253.0,307.0
5,5,Sureste,Ses Salines,3600000.0,475.0,510.0
3,4,Suroeste,Port Andratx,3050000.0,191.0,0.0
3,4,Sureste,Felanitx,7800000.0,382.0,55000.0
6,8,Sur,Sa Torre,8250000.0,463.0,1300.0
3,2,Sur,Llucmajor,635000.0,146.0,0.0
6,6,Son Vida & Palma Alrededores,Son Vida,6950000.0,866.0,2002.0
4,4,Central,Inca,1980000.0,230.0,40300.0
3,2,Suroeste,Cas Catalá,1490000.0,170.0,0.0
0,0,Oeste,Puerto de Sóller,950000.0,0.0,589.0
3,2,Suroeste,Sol de Mallorca,1100000.0,154.0,0.0
4,3,Norte,Puerto Pollensa,575000.0,116.0,0.0
7,5,Sureste,Ses Salines,4950000.0,616.0,25300.0
2,2,Suroeste,Cas Catalá,4950000.0,278.0,0.0
0,0,Sur,Llucmajor,450000.0,0.0,896.0
4,4,Central,Inca,1690000.0,230.0,17100.0
4,5,Suroeste,Bendinat,11000000.0,740.0,978.0
3,2,Palma,La Bonanova,2550000.0,137.0,0.0
3,4,Palma,Palma Catedral - Casco Antiguo,2500000.0,223.0,0.0
5,4,Son Vida & Palma Alrededores,Palma Golf,3950000.0,560.0,839.0
5,5,Son Vida & Palma Alrededores,Son Vida,9500000.0,863.0,2100.0
0,0,Sur,Llucmajor,199000.0,0.0,15100.0
3,3,Suroeste,Port Andratx,3550000.0,230.0,645.0
0,0,Norte,Can Picafort,1350000.0,0.0,86000.0
4,4,Son Vida & Palma Alrededores,Son Vida,4900000.0,780.0,2040.0
3,3,Suroeste,Calvià,6800000.0,314.0,4000.0
0,0,Suroeste,Capdella,420000.0,0.0,960.0
5,4,Norte,Alcudia,2900000.0,332.0,0.0
0,0,Norte,Alcudia,295000.0,0.0,1078.0
4,5,Suroeste,Santa Ponsa,8200000.0,716.0,1923.0
2,1,Suroeste,Port Andratx,1500000.0,70.0,0.0
2,1,Suroeste,Port Andratx,1700000.0,105.0,0.0
4,4,Sureste,Santanyí,3865000.0,470.0,21200.0
5,3,Sur,Llucmajor,2000000.0,555.0,302.0
5,5,Sureste,Campos,6950000.0,634.0,19500.0
3,3,Sur,Puig de Ros,1500000.0,203.0,425.0
2,3,Palma,Palma Catedral - Casco Antiguo,960000.0,366.0,0.0
6,4,Central,Mancor del Valle,1950000.0,964.0,1360.0
4,4,Sureste,Cas Concos,3450000.0,590.0,21000.0
0,0,Suroeste,Santa Ponsa,1990000.0,0.0,875.0
6,6,Son Vida & Palma Alrededores,Son Vida,9900000.0,1563.0,8170.0
0,0,Norte,Puerto Pollensa,895000.0,0.0,1557.0
4,4,Central,Consell,800000.0,132.0,173.0
0,0,Central,Montuiri,260000.0,0.0,18800.0
5,6,Suroeste,Sol de Mallorca,4600000.0,392.0,1765.0
3,3,Palma,Palma Catedral - Casco Antiguo,1595000.0,215.0,0.0
5,5,Palma,San Agustin,2750000.0,220.0,0.0
4,4,Palma,San Agustin,2850000.0,206.0,0.0
7,6,Sureste,Portocolom,3200000.0,427.0,2242.0
4,4,Suroeste,Paguera,4400000.0,336.0,1032.0
29,32,Central,Bunyola,75900000.0,5568.0,241400.0
7,8,Suroeste,Santa Ponsa,6550000.0,967.0,1978.0
3,3,Palma,Palma Catedral - Casco Antiguo,1695000.0,208.0,0.0
6,6,Central,Santa María,4950000.0,548.0,3448.0
4,2,Suroeste,Bendinat,1600000.0,129.0,0.0
3,3,Palma,Palma Catedral - Casco Antiguo,8000000.0,291.0,0.0
5,2,Noreste,Son Servera,565000.0,230.0,214.0
3,4,Sureste,Santanyí,2450000.0,240.0,312.0
5,5,Sur,Llucmajor,2200000.0,660.0,16500.0
4,4,Sureste,Felanitx,1500000.0,235.0,16400.0
4,4,Suroeste,Port Andratx,4900000.0,518.0,893.0
6,6,Noreste,Artá,4250000.0,439.0,20500.0
4,4,Son Vida & Palma Alrededores,Establiments,1250000.0,385.0,440.0
4,4,Central,Santa María,6600000.0,523.0,15300.0
4,4,Suroeste,Andratx,2550000.0,340.0,10441.0
3,2,Palma,San Agustin,795000.0,94.0,0.0
6,6,Suroeste,Port Andratx,9750000.0,361.0,1480.0
0,0,Sur,Llucmajor,495000.0,0.0,14100.0
7,7,Norte,Pollensa,9700000.0,900.0,3500.0
3,2,Oeste,Sóller,999999.0,210.0,0.0
3,3,Sureste,Ses Salines,1995000.0,180.0,20100.0
2,2,Palma,Portixol & Molinar,895000.0,79.0,0.0
2,1,Palma,Palma Catedral - Casco Antiguo,850000.0,109.0,0.0
4,3,Sur,Puig de Ros,1185000.0,163.0,236.0
0,0,Central,Moscari,895000.0,0.0,21200.0
4,4,Sureste,Portocolom,1750000.0,280.0,700.0
14,17,Central,Algaida,17500000.0,1784.0,148300.0
4,4,Noreste,Artá,695000.0,459.0,211.0
2,2,Palma,Portixol & Molinar,995000.0,93.0,0.0
3,3,Oeste,Sóller,1190000.0,166.0,0.0
0,0,Norte,Pollensa,550000.0,0.0,21900.0
2,2,Palma,San Agustin,695000.0,81.0,0.0
4,2,Palma,Palma Catedral - Casco Antiguo,1260000.0,201.0,0.0
0,0,Suroeste,Santa Ponsa,850000.0,0.0,1565.0
8,1,Central,Santa María,3500000.0,826.0,1291.0
4,4,Norte,Pollensa,1400000.0,277.0,7616.0
4,4,Norte,Alcudia,3500000.0,368.0,93900.0
0,0,Sur,Llucmajor,650000.0,0.0,14400.0
3,3,Suroeste,Port Andratx,2750000.0,361.0,0.0
3,4,Suroeste,Port Andratx,5400000.0,578.0,0.0
3,4,Suroeste,Port Andratx,4150000.0,518.0,0.0
3,3,Suroeste,Port Andratx,3550000.0,449.0,0.0
5,4,Suroeste,Capdella,3850000.0,400.0,1044.0
5,5,Son Vida & Palma Alrededores,Son Vida,6500000.0,907.0,2000.0
3,3,Norte,Alcudia,1600000.0,218.0,237.0
4,4,Sureste,Santanyí,3600000.0,518.0,19500.0
8,2,Son Vida & Palma Alrededores,Puigpunyent & Galilea,7500000.0,1497.0,966100.0
6,7,Sureste,Campos,5750000.0,660.0,24000.0
5,6,Suroeste,Port Andratx,12950000.0,282.0,1554.0
3,3,Sureste,Felanitx,1580000.0,261.0,284.0
7,8,Suroeste,Port Andratx,16900000.0,1070.0,2000.0
2,2,Suroeste,Santa Ponsa,2390000.0,130.0,0.0
0,0,Central,Sa Cabaneta,390000.0,0.0,1066.0
0,0,Norte,Alcudia,950000.0,0.0,28200.0
6,6,Son Vida & Palma Alrededores,Son Vida,4600000.0,671.0,2290.0
5,4,Sureste,Portocolom,1890000.0,297.0,470.0
5,5,Son Vida & Palma Alrededores,Son Vida,8900000.0,914.0,2018.0
7,8,Suroeste,Portals,16950000.0,898.0,2300.0
11,11,Noreste,Manacor,18000000.0,7000.0,3144800.0
4,5,Central,Montuiri,3800000.0,371.0,34800.0
5,4,Son Vida & Palma Alrededores,Puigpunyent & Galilea,3995000.0,449.0,17000.0
3,3,Palma,Palma Catedral - Casco Antiguo,1595000.0,162.0,0.0
2,3,Palma,Palma Catedral - Casco Antiguo,1500000.0,184.0,0.0
3,2,Palma,Palma Catedral - Casco Antiguo,1100000.0,172.0,0.0
5,5,Norte,Alcudia,2690000.0,280.0,15900.0
7,3,Central,Selva,4999999.0,492.0,22500.0
4,4,Son Vida & Palma Alrededores,Son Vida,6950000.0,480.0,1001.0
1,1,Palma,Palma Catedral - Casco Antiguo,390000.0,49.0,0.0
0,0,Central,Santa Eugenia,1200000.0,0.0,1950.0
4,4,Central,Alaró,5900000.0,479.0,16000.0
7,4,Noreste,Cala Ratjada,1750000.0,283.0,851.0
4,3,Central,Puntiró,3200000.0,490.0,7933.0
5,3,Central,Alaró,2800000.0,267.0,58800.0
5,3,Noreste,Colonia de St. Pere,3000000.0,433.0,849.0
4,3,Suroeste,Santa Ponsa,5800000.0,332.0,927.0
4,4,Suroeste,Andratx,11900000.0,535.0,1611.0
4,4,Central,Santa María,3800000.0,341.0,21200.0
3,3,Suroeste,Bendinat,2250000.0,168.0,0.0
4,4,Suroeste,Port Andratx,11500000.0,571.0,1259.0
0,0,Central,Ariany,350000.0,0.0,14900.0
4,4,Sur,Llucmajor,3500000.0,575.0,28100.0
4,3,Oeste,Sóller,959000.0,200.0,2354.0
4,7,Central,Caimari,3800000.0,455.0,843.0
3,3,Suroeste,Port Andratx,3850000.0,250.0,0.0
4,4,Sureste,Son Macia,4950000.0,700.0,26000.0
5,7,Sureste,Santanyí,5950000.0,575.0,17800.0
6,3,Central,Sa Cabaneta,3350000.0,494.0,1083.0
5,5,Suroeste,Bendinat,5950000.0,438.0,1129.0
3,3,Palma,La Bonanova,2100000.0,280.0,660.0
3,3,Sureste,Cala Murada,1975000.0,450.0,0.0
0,0,Central,Algaida,298000.0,0.0,23300.0
3,3,Central,Alaró,1150000.0,181.0,0.0
3,3,Central,Alaró,1150000.0,184.0,162.0
5,3,Son Vida & Palma Alrededores,Esporles,1890000.0,389.0,2184.0
5,4,Suroeste,Santa Ponsa,5900000.0,450.0,1329.0
4,1,Oeste,Fornalutx,595000.0,228.0,67.0
3,3,Sur,Cala Pi,675000.0,108.0,433.0
0,0,Norte,Alcudia,1550000.0,0.0,90000.0
4,3,Norte,Alcudia - Bonaire,1995000.0,255.0,2000.0
7,3,Suroeste,Camp de Mar,6500000.0,390.0,2201.0
5,4,Suroeste,Santa Ponsa,4250000.0,289.0,925.0
4,4,Central,Santa María,2500000.0,325.0,265.0
2,1,Suroeste,Illetas,980000.0,88.0,0.0
5,7,Suroeste,Camp de Mar,28000000.0,569.0,1194.0
5,5,Suroeste,Cas Catalá,5400000.0,426.0,1203.0
3,2,Suroeste,Palmanova,1030000.0,113.0,0.0
6,7,Norte,Puerto Pollensa,2800000.0,441.0,983.0
3,1,Central,Lloseta,1250000.0,250.0,25100.0
2,1,Norte,Puerto Alcudia,1100000.0,120.0,31.0
5,5,Suroeste,Santa Ponsa,7500000.0,517.0,4028.0
4,2,Sur,Llucmajor,840000.0,234.0,232.0
4,4,Sureste,Porreres,5800000.0,490.0,70300.0
4,4,Suroeste,Port Andratx,6350000.0,329.0,988.0
4,3,Noreste,Costa de Los Pinos,2650000.0,282.0,1997.0
6,7,Central,Algaida,2950000.0,414.0,96200.0
2,2,Suroeste,Port Andratx,695000.0,60.0,0.0
4,4,Son Vida & Palma Alrededores,Palmanyola,6850000.0,506.0,1311.0
2,2,Suroeste,Port Andratx,1750000.0,99.0,0.0
4,4,Sur,Llucmajor,3900000.0,452.0,21400.0
4,4,Noreste,Artá,1800000.0,300.0,105800.0
0,0,Noreste,Manacor,395000.0,0.0,15700.0
3,2,Suroeste,Calvià,2450000.0,206.0,594.0
0,0,Noreste,Porto Cristo,650000.0,0.0,15100.0
0,0,Noreste,Manacor,330000.0,0.0,2773.0
4,3,Son Vida & Palma Alrededores,Establiments,1995000.0,447.0,7051.0
0,0,Central,Santa Eugenia,330000.0,0.0,25600.0
2,2,Norte,Campanet,1150000.0,137.0,15400.0
6,8,Suroeste,Port Andratx,16900000.0,1063.0,2000.0
5,4,Sureste,Ses Salines,4295000.0,525.0,16600.0
0,0,Central,Puntiró,389000.0,0.0,8766.0
4,4,Suroeste,Port Adriano,11900000.0,523.0,1374.0
2,2,Noreste,Capdepera,995000.0,236.0,17700.0
5,6,Son Vida & Palma Alrededores,Son Vida,8900000.0,748.0,2095.0
2,2,Norte,Santa Margalida,645000.0,119.0,159.0
0,0,Suroeste,Cala Vinyes,1550000.0,0.0,1650.0
0,0,Noreste,Colonia de St. Pere,1150000.0,0.0,402.0
5,3,Son Vida & Palma Alrededores,Son Vida,8950000.0,653.0,2227.0
25,28,Sur,Llucmajor,25000000.0,2400.0,320000.0
9,4,Palma,Palma Catedral - Casco Antiguo,2700000.0,387.0,0.0
4,4,Suroeste,S'Arraco,2300000.0,332.0,4652.0
4,4,Suroeste,Port Andratx,3950000.0,248.0,8071.0
0,0,Son Vida & Palma Alrededores,Son Vida,2500000.0,0.0,2130.0
0,0,Central,Costitx,965000.0,0.0,48300.0
4,2,Suroeste,Port Andratx,3200000.0,228.0,392.0
5,4,Norte,Alcudia,4500000.0,350.0,16400.0
7,6,Sur,Cala Pi,6000000.0,431.0,2134.0
2,2,Suroeste,Portals,3200000.0,149.0,0.0
4,4,Noreste,Artá,,300.0,33700.0
3,3,Central,Algaida,1390000.0,415.0,1029.0
3,2,Central,Santa María,895000.0,123.0,0.0
6,5,Central,S'Aranjassa,2200000.0,474.0,8235.0
3,2,Palma,Paseo Marítimo,3660000.0,135.0,0.0
3,3,Palma,Paseo Marítimo,4750000.0,128.0,0.0
3,3,Palma,Paseo Marítimo,2050000.0,102.0,0.0
2,2,Palma,Paseo Marítimo,1320000.0,81.0,0.0
0,0,Suroeste,Camp de Mar,19000000.0,0.0,7804.0
5,5,Sur,Sa Torre,3000000.0,425.0,1825.0
3,2,Suroeste,Portals,3350000.0,98.0,0.0
3,4,Norte,Puerto Alcudia - Alcanada,3195000.0,270.0,470.0
5,5,Suroeste,Costa d'en Blanes,5400000.0,398.0,1050.0
3,1,Palma,Palma Catedral - Casco Antiguo,450000.0,90.0,0.0
5,4,Suroeste,Cas Catalá,4950000.0,471.0,1842.0
3,2,Sureste,Santanyí,1850000.0,150.0,14200.0
3,2,Suroeste,Santa Ponsa,1995000.0,153.0,0.0
0,0,Suroeste,Port Andratx,7900000.0,0.0,1155.0
6,5,Central,Sineu,2500000.0,471.0,23200.0
5,3,Central,Santa Eugenia,6950000.0,721.0,3374.0
7,5,Sureste,Santanyí,3500000.0,792.0,17700.0
7,7,Suroeste,Port Andratx,7900000.0,481.0,1155.0
5,3,Son Vida & Palma Alrededores,Esporles,1650000.0,350.0,7351.0
4,3,Sur,Las Palmeras,895000.0,212.0,316.0
4,5,Son Vida & Palma Alrededores,Establiments,3950000.0,720.0,20300.0
8,6,Central,Santa María,8975000.0,999.0,5252.0
5,5,Sureste,Santanyí,5490000.0,1045.0,53600.0
3,2,Norte,Muro,590000.0,143.0,198.0
4,4,Noreste,Costa de Los Pinos,3500000.0,300.0,1601.0
4,4,Suroeste,Port Andratx,15750000.0,492.0,60400.0
2,2,Palma,San Agustin,695000.0,64.0,0.0
4,3,Palma,Palma City Centre,1750000.0,172.0,0.0
4,3,Central,Selva,3950000.0,319.0,61600.0
4,2,Son Vida & Palma Alrededores,Establiments,1200000.0,224.0,1291.0
4,4,Suroeste,Bendinat,7800000.0,490.0,750.0
0,0,Sureste,Santanyí,750000.0,0.0,71300.0
6,6,Suroeste,Santa Ponsa,4495000.0,580.0,1516.0
6,9,Suroeste,Santa Ponsa,8900000.0,844.0,2152.0
3,3,Palma,Palma City Centre,1275000.0,182.0,0.0
0,0,Sur,Llucmajor,650000.0,0.0,14500.0
3,2,Sureste,Santanyí,2700000.0,240.0,686.0
3,3,Norte,Alcudia - Bonaire,1950000.0,275.0,1620.0
4,4,Sureste,Portocolom,3300000.0,256.0,124.0
3,3,Sur,Llucmajor,770000.0,206.0,153.0
3,2,Oeste,Puerto de Sóller,2495000.0,172.0,263.0
5,2,Central,Lloseta,540000.0,356.0,212.0
0,0,Son Vida & Palma Alrededores,Son Vida,4500000.0,0.0,2226.0
5,5,Suroeste,Cala Vinyes,7500000.0,866.0,2612.0
0,0,Noreste,Canyamel,120000.0,0.0,989.0
0,0,Norte,Sa Pobla,325000.0,0.0,915.0
4,3,Sureste,Santanyí,990000.0,331.0,331.0
3,4,Suroeste,Paguera,4650000.0,268.0,0.0
4,2,Sur,Llucmajor,799000.0,263.0,207.0
4,3,Central,Alaró,1275000.0,253.0,312.0
3,2,Suroeste,Port Andratx,2950000.0,171.0,0.0
4,4,Suroeste,Costa d'en Blanes,4250000.0,405.0,1160.0
4,3,Noreste,Capdepera,1350000.0,329.0,500.0
3,4,Suroeste,Portals,5500000.0,342.0,678.0
0,0,Suroeste,Port Andratx,2150000.0,0.0,1022.0
7,2,Central,Alaró,1980000.0,877.0,492.0
4,3,Palma,Portixol & Molinar,2800000.0,175.0,0.0
2,2,Palma,Palma Catedral - Casco Antiguo,2950000.0,207.0,0.0
2,2,Palma,Palma Catedral - Casco Antiguo,1750000.0,157.0,0.0
2,2,Palma,Palma Catedral - Casco Antiguo,1400000.0,146.0,0.0
0,0,Palma,Son Espanyolet,990000.0,0.0,382.0
4,2,Suroeste,Port Andratx,3200000.0,175.0,0.0
4,4,Son Vida & Palma Alrededores,Son Vida,4995000.0,512.0,2025.0
4,3,Noreste,Capdepera,1150000.0,153.0,229.0
4,3,Central,Alaró,2600000.0,476.0,15100.0
4,4,Oeste,Sóller,1980000.0,643.0,270.0
4,5,Son Vida & Palma Alrededores,Establiments,1525000.0,665.0,19800.0
0,0,Sur,Sa Torre,470000.0,0.0,1234.0
0,0,Noreste,Manacor,1100000.0,0.0,27200.0
0,0,Central,Llubí,296000.0,0.0,26400.0
0,0,Central,Costitx,610000.0,0.0,28100.0
2,2,Suroeste,Andratx,1200000.0,191.0,14200.0
7,3,Oeste,Sóller,2990000.0,432.0,1710.0
3,2,Palma,Santa Catalina,695000.0,126.0,0.0
4,5,Suroeste,Port Andratx,3900000.0,230.0,717.0
6,6,Suroeste,Port Andratx,6500000.0,272.0,1285.0
4,4,Sureste,Cas Concos,2980000.0,340.0,21300.0
5,5,Oeste,Puerto de Sóller,6450000.0,328.0,538.0
3,3,Noreste,Manacor,3240000.0,226.0,21000.0
3,3,Suroeste,Port Andratx,3950000.0,282.0,0.0
3,2,Sur,Cala Pi,3500000.0,176.0,1372.0
5,5,Son Vida & Palma Alrededores,Son Vida,5350000.0,672.0,2080.0
5,5,Son Vida & Palma Alrededores,Son Vida,5350000.0,636.0,2000.0
4,5,Suroeste,Costa d'en Blanes,5200000.0,423.0,1334.0
0,0,Son Vida & Palma Alrededores,Establiments,8000000.0,3835.0,316800.0
4,4,Palma,Portixol & Molinar,2950000.0,271.0,0.0
4,5,Central,Alaró,3200000.0,369.0,16500.0
3,3,Sur,Bahía Grande / Bahía Azul,1400000.0,173.0,387.0
3,3,Sur,Bahía Grande / Bahía Azul,1400000.0,173.0,387.0
4,4,Son Vida & Palma Alrededores,Palmanyola,2980000.0,391.0,0.0
2,2,Palma,Portixol & Molinar,755000.0,78.0,0.0
4,4,Suroeste,Port Andratx,11000000.0,290.0,1000.0
9,8,Suroeste,Port Andratx,26000000.0,875.0,2847.0
5,3,Son Vida & Palma Alrededores,Establiments,1695000.0,425.0,3833.0
13,12,Suroeste,Port Andratx,41000000.0,1333.0,4657.0
0,0,Norte,Sa Pobla,175000.0,0.0,991.0
3,3,Sureste,Cala Murada,1195000.0,265.0,560.0
4,4,Suroeste,Port Andratx,11650000.0,416.0,1332.0
5,6,Suroeste,Capdella,4500000.0,451.0,1723.0
4,3,Noreste,San Lorenzo,2690000.0,300.0,17500.0
3,4,Central,Inca,3500000.0,716.0,124800.0
4,6,Suroeste,Bendinat,7200000.0,341.0,1147.0
4,3,Palma,Playa de Palma & Arenal,1145000.0,125.0,0.0
6,4,Palma,Portixol & Molinar,3400000.0,210.0,0.0
3,3,Central,Bunyola,1350000.0,399.0,1749.0
3,2,Palma,Portixol & Molinar,3700000.0,270.0,0.0
6,3,Oeste,Sóller,1700000.0,575.0,305.0
4,4,Sureste,Ses Salines,2750000.0,437.0,600.0
3,2,Palma,Son Armadams,2600000.0,144.0,0.0
5,4,Palma,Playa de Palma & Arenal,1390000.0,324.0,0.0
2,2,Palma,Santa Catalina,2399000.0,79.0,0.0
3,2,Palma,Santa Catalina,2599000.0,103.0,0.0
2,2,Palma,Santa Catalina,989000.0,70.0,0.0
1,1,Palma,Santa Catalina,549000.0,51.0,0.0
3,2,Palma,Santa Catalina,1399000.0,97.0,0.0
6,4,Noreste,Sa Coma,1100000.0,305.0,814.0
2,2,Sureste,Sa Rapita,695000.0,96.0,0.0
4,4,Sureste,Santanyí,3690000.0,429.0,23100.0
3,3,Sureste,Sa Rapita,745000.0,126.0,0.0
4,2,Sur,Bahía Grande / Bahía Azul,3400000.0,230.0,936.0
5,7,Central,Son Gual,6900000.0,669.0,2335.0
4,3,Suroeste,Santa Ponsa,2950000.0,205.0,997.0
6,4,Suroeste,Capdella,9600000.0,631.0,82700.0
4,3,Noreste,Artá,1150000.0,288.0,170.0
5,5,Central,Santa María,8750000.0,732.0,15900.0
4,2,Central,Costitx,569000.0,300.0,3000.0
5,5,Suroeste,Bendinat,13900000.0,760.0,1218.0
5,3,Son Vida & Palma Alrededores,Palmanyola,1700000.0,310.0,1291.0
6,5,Oeste,Banyalbufar,6295000.0,376.0,8193.0
3,2,Oeste,Sóller,1099000.0,305.0,0.0
5,3,Palma,Playa de Palma & Arenal,857000.0,357.0,822.0
0,0,Suroeste,Santa Ponsa,,2425.0,2425.0
0,0,Suroeste,Santa Ponsa,,2454.0,2454.0
0,0,Suroeste,Port Adriano,,1260.0,1260.0
5,4,Palma,Paseo Marítimo,2290000.0,202.0,0.0
5,8,Son Vida & Palma Alrededores,Son Vida,,1480.0,2070.0
4,5,Suroeste,Portals,1495000.0,189.0,0.0
8,6,Central,Sa Coma - Bunyola,1750000.0,568.0,3241.0
3,3,Sureste,Cala Murada,1495000.0,208.0,523.0
0,0,Sureste,Felanitx,455000.0,0.0,15800.0
5,3,Palma,Santa Catalina,4400000.0,376.0,118.0
2,4,Son Vida & Palma Alrededores,Palmanyola,,916.0,5198.0
0,0,Son Vida & Palma Alrededores,Puigpunyent & Galilea,1350000.0,0.0,1223.0
3,2,Oeste,Puerto de Sóller,1100000.0,152.0,0.0
0,0,Suroeste,Costa de la Calma,1000000.0,0.0,1450.0
2,2,Suroeste,Port Andratx,895000.0,113.0,0.0
4,4,Central,Inca,2375000.0,717.0,11754.0
3,2,Suroeste,Cala Vinyes,1390000.0,168.0,0.0
3,2,Palma,Paseo Marítimo,1550000.0,190.0,0.0
5,5,Sur,Bahía Grande / Bahía Azul,3250000.0,503.0,1087.0
4,2,Sur,Llucmajor,865000.0,146.0,42800.0
4,3,Noreste,Capdepera,2980000.0,300.0,15600.0
3,2,Norte,Sa Pobla,1050000.0,171.0,1000.0
2,1,Oeste,Valldemossa,830000.0,220.0,1010.0
0,0,Norte,Sa Pobla,350000.0,0.0,964.0
2,2,Suroeste,Port Andratx,799000.0,68.0,0.0
3,2,Central,Alaró,1995000.0,203.0,11525.0
4,4,Central,Biniali,3995000.0,421.0,22500.0
4,2,Sur,Llucmajor,750000.0,368.0,3515.0
4,4,Sureste,Ses Salines,2400000.0,354.0,17100.0
4,4,Suroeste,Santa Ponsa,9890000.0,512.0,874.0
6,4,Suroeste,Sol de Mallorca,4950000.0,760.0,1740.0
5,2,Suroeste,Port Andratx,4300000.0,219.0,3467.0
4,4,Sureste,Cala Mondrago,3999999.0,522.0,20900.0
3,4,Suroeste,Paguera,3060000.0,273.0,0.0
3,4,Suroeste,Paguera,2630000.0,226.0,0.0
3,4,Suroeste,Paguera,4450000.0,296.0,0.0
5,5,Sureste,Es Carritxo,3500000.0,367.0,18400.0
4,4,Sur,Bahía Grande / Bahía Azul,3875000.0,377.0,1446.0
5,4,Palma,Genova,4995000.0,356.0,1141.0
4,4,Sureste,Cala Mondrago,1900000.0,260.0,400.0
6,4,Norte,Puerto Alcudia - Alcanada,4300000.0,327.0,666.0
6,6,Central,Santa María,6800000.0,663.0,17300.0
0,0,Norte,Sa Pobla,295000.0,0.0,1000.0
5,4,Sureste,Es Llombards,1950000.0,388.0,14200.0
4,4,Noreste,Capdepera,1800000.0,300.0,9378.0
4,4,Norte,Pollensa,4000000.0,564.0,28900.0
5,4,Suroeste,Costa d'en Blanes,4500000.0,330.0,1003.0
3,5,Central,Biniali,1195000.0,221.0,205.0
6,6,Suroeste,Port Andratx,12900000.0,540.0,2500.0
7,6,Suroeste,Port Adriano,26000000.0,759.0,1654.0
3,2,Sureste,Es Carritxo,2850000.0,377.0,7110.0
2,2,Suroeste,Cas Catalá,2900000.0,168.0,0.0
3,4,Central,Llubí,1320000.0,218.0,257.0
4,5,Sureste,Santanyí,3980000.0,386.0,14200.0
2,2,Palma,Paseo Marítimo,650000.0,78.0,0.0
2,2,Suroeste,Port Andratx,1699000.0,82.0,0.0
4,4,Central,Puntiró,4500000.0,295.0,7500.0
4,5,Central,Alaró,8495000.0,650.0,15200.0
3,2,Palma,La Bonanova,740000.0,112.0,0.0
4,2,Suroeste,Sol de Mallorca,1650000.0,170.0,0.0
5,5,Suroeste,Andratx,19850000.0,501.0,1030.0
3,2,Norte,Puerto Pollensa,795000.0,108.0,0.0
2,2,Norte,Puerto Pollensa,550000.0,135.0,0.0
4,3,Palma,San Agustin,2250000.0,163.0,0.0
2,2,Suroeste,Port Andratx,1500000.0,133.0,0.0
2,2,Suroeste,Port Andratx,1450000.0,127.0,0.0
2,2,Palma,Playa de Palma & Arenal,1675000.0,110.0,0.0
2,2,Palma,Playa de Palma & Arenal,1575000.0,110.0,0.0
0,0,Noreste,Costa de Los Pinos,3200000.0,0.0,1803.0
4,3,Palma,San Agustin,3390000.0,163.0,0.0
3,5,Suroeste,Port Andratx,3750000.0,339.0,0.0
3,2,Central,Santa María,2150000.0,259.0,190.0
3,2,Central,Santa María,2450000.0,281.0,206.0
4,5,Central,Son Gual,2450000.0,398.0,2000.0
0,0,Central,Son Gual,815000.0,0.0,2000.0
3,4,Norte,Pollensa,1800000.0,220.0,14300.0
3,2,Palma,Paseo Marítimo,2890000.0,122.0,0.0
2,2,Palma,Paseo Marítimo,2450000.0,117.0,0.0
3,2,Palma,Paseo Marítimo,2520000.0,122.0,0.0
2,2,Palma,Paseo Marítimo,2100000.0,117.0,0.0
5,6,Norte,Pollensa,,592.0,61500.0
3,3,Central,Puntiró,3200000.0,303.0,8629.0
5,5,Sureste,Es Llombards,3200000.0,350.0,14300.0
4,4,Noreste,Colonia de St. Pere,4900000.0,377.0,16400.0
0,0,Son Vida & Palma Alrededores,Son Vida,2750000.0,0.0,3191.0
0,0,Son Vida & Palma Alrededores,Son Vida,2700000.0,0.0,2574.0
0,0,Sur,Llucmajor,625000.0,0.0,22200.0
4,3,Noreste,Son Servera,1750000.0,281.0,0.0
4,5,Suroeste,Costa d'en Blanes,5950000.0,560.0,1000.0
3,3,Sureste,Portopetro,4500000.0,550.0,1415.0
3,3,Central,Montuiri,390000.0,378.0,275.0
5,6,Suroeste,Port Andratx,17900000.0,518.0,2585.0
0,0,Sureste,Felanitx,325000.0,0.0,14900.0
5,7,Suroeste,Port Andratx,9700000.0,490.0,1520.0
3,2,Suroeste,Portals,798000.0,82.0,0.0
4,5,Central,Son Gual,4800000.0,496.0,8257.0
3,3,Palma,Palma Catedral - Casco Antiguo,2900000.0,243.0,0.0
2,2,Palma,San Agustin,745000.0,84.0,0.0
0,0,Central,Binissalem,1250000.0,0.0,25000.0
3,2,Sur,Llucmajor,1600000.0,354.0,20800.0
5,5,Central,Alaró,1850000.0,240.0,349.0
5,6,Suroeste,Costa d'en Blanes,3495000.0,386.0,900.0
0,0,Norte,Santa Margalida,400000.0,0.0,1305.0
0,0,Norte,Muro,295000.0,0.0,21200.0
6,6,Suroeste,Port Andratx,7900000.0,231.0,800.0
5,5,Noreste,Capdepera,3380000.0,271.0,19600.0
2,2,Palma,Palma Catedral - Casco Antiguo,1295000.0,123.0,0.0
2,2,Palma,Palma Catedral - Casco Antiguo,1592000.0,122.0,0.0
6,6,Central,Santa María,2985000.0,602.0,8875.0
6,2,Oeste,Deià,2000000.0,280.0,6280.0
0,0,Son Vida & Palma Alrededores,Son Vida,4980000.0,0.0,2507.0
3,3,Suroeste,Andratx,3500000.0,236.0,450.0
6,5,Sureste,Son Macia,3500000.0,532.0,60000.0
4,4,Suroeste,Santa Ponsa,14900000.0,571.0,1506.0
6,7,Son Vida & Palma Alrededores,Son Vida,10950000.0,686.0,2000.0
2,3,Suroeste,Portals,890000.0,85.0,0.0
3,2,Sureste,Colonia de Sant Jordi,660000.0,107.0,0.0
3,2,Sureste,Colonia de Sant Jordi,640000.0,107.0,0.0
3,1,Sureste,Colonia de Sant Jordi,680000.0,117.0,0.0
3,3,Suroeste,Sol de Mallorca,3400000.0,211.0,885.0
6,6,Suroeste,Bendinat,29500000.0,580.0,2363.0
3,3,Palma,Palma Catedral - Casco Antiguo,1290000.0,186.0,0.0
3,2,Palma,Palma Catedral - Casco Antiguo,800000.0,116.0,0.0
4,3,Suroeste,Santa Ponsa,2820000.0,155.0,0.0
4,3,Suroeste,Santa Ponsa,1668300.0,155.0,0.0
4,4,Suroeste,Palmanova,8200000.0,284.0,1474.0
10,9,Palma,Palma Catedral - Casco Antiguo,6500000.0,480.0,0.0
5,7,Suroeste,Cala Vinyes,12000000.0,617.0,1290.0
3,3,Palma,Palma Catedral - Casco Antiguo,2400000.0,242.0,0.0
2,2,Palma,Palma Catedral - Casco Antiguo,1235000.0,144.0,0.0
2,1,Palma,Palma Catedral - Casco Antiguo,795000.0,85.0,0.0
4,4,Suroeste,Bendinat,2525000.0,286.0,0.0
3,3,Suroeste,Port Andratx,4550000.0,293.0,0.0
2,2,Suroeste,Port Andratx,1450000.0,113.0,0.0
3,2,Norte,Pollensa,850000.0,185.0,164.0
5,5,Norte,Puerto Pollensa,3500000.0,618.0,1510.0
11,9,Norte,Pollensa,,800.0,82000.0
4,4,Norte,Pollensa,3800000.0,430.0,15800.0
6,5,Norte,Puerto Alcudia,4990000.0,572.0,985.0
0,0,Suroeste,Palmanova,870000.0,0.0,1295.0
5,4,Suroeste,Bendinat,3950000.0,435.0,1004.0
2,2,Palma,Santa Catalina,695000.0,80.0,0.0
0,0,Suroeste,Cala Vinyes,995000.0,0.0,1600.0
3,3,Palma,Palma Catedral - Casco Antiguo,1190000.0,129.0,0.0
5,4,Sur,Cala Blava,3300000.0,555.0,1400.0
4,4,Suroeste,Santa Ponsa,7450000.0,482.0,1045.0
4,4,Palma,El Terreno,2950000.0,340.0,481.0
4,4,Palma,La Bonanova,1950000.0,187.0,0.0
2,1,Palma,El Terreno,675000.0,66.0,0.0
3,3,Palma,Palma Catedral - Casco Antiguo,2400000.0,195.0,0.0
7,8,Suroeste,Portals,11450000.0,680.0,1328.0
6,6,Suroeste,Cas Catalá,7700000.0,589.0,2393.0
0,0,Suroeste,Camp de Mar,1600000.0,0.0,1600.0
0,0,Suroeste,Camp de Mar,1600000.0,0.0,1106.0
2,2,Palma,Paseo Marítimo,990000.0,125.0,0.0
5,4,Central,Sineu,7900000.0,557.0,23300.0
4,3,Norte,Campanet,1180000.0,225.0,790.0
3,2,Palma,San Agustin,2600000.0,128.0,0.0
14,14,Son Vida & Palma Alrededores,Esporles,26000000.0,1500.0,124000.0
0,0,Suroeste,Camp de Mar,1600000.0,0.0,1715.0
0,0,Suroeste,Camp de Mar,1700000.0,0.0,1559.0
4,4,Sureste,Ses Salines,3690000.0,406.0,14200.0
6,6,Son Vida & Palma Alrededores,Son Vida,6850000.0,990.0,3140.0
0,0,Noreste,Cala Ratjada,800000.0,0.0,1004.0
0,0,Norte,Campanet,590000.0,0.0,18100.0
1,1,Palma,Palma Catedral - Casco Antiguo,850000.0,74.0,0.0
1,1,Palma,Palma Catedral - Casco Antiguo,900000.0,78.0,0.0
4,3,Central,Biniali,998000.0,230.0,15000.0
2,2,Palma,Playa de Palma & Arenal,1190000.0,75.0,0.0
2,2,Palma,Playa de Palma & Arenal,635000.0,75.0,0.0
2,2,Palma,Playa de Palma & Arenal,585000.0,75.0,0.0
2,2,Palma,Playa de Palma & Arenal,655000.0,75.0,0.0
2,2,Palma,Playa de Palma & Arenal,595000.0,75.0,0.0
4,3,Oeste,Valldemossa,1100000.0,402.0,2026.0
4,4,Suroeste,Calvià,8980000.0,555.0,56100.0
1,1,Palma,Portixol & Molinar,1225000.0,78.0,0.0
2,2,Palma,Portixol & Molinar,990000.0,78.0,0.0
2,2,Palma,Portixol & Molinar,965000.0,78.0,0.0
3,3,Palma,Portixol & Molinar,2525000.0,147.0,0.0
1,1,Palma,Portixol & Molinar,765000.0,59.0,0.0
1,1,Palma,Portixol & Molinar,740000.0,66.0,0.0
3,3,Son Vida & Palma Alrededores,Establiments,2950000.0,278.0,537.0
0,0,Sureste,Ses Salines,295000.0,0.0,366.0
4,4,Sureste,Ses Salines,3150000.0,375.0,360.0
4,4,Sureste,Ses Salines,2950000.0,320.0,375.0
4,4,Noreste,Artá,1800000.0,240.0,120.0
3,2,Suroeste,Camp de Mar,1050000.0,208.0,173.0
4,6,Palma,Palma Catedral - Casco Antiguo,22000000.0,792.0,0.0
5,4,Palma,Playa de Palma & Arenal,1650000.0,359.0,679.0
4,4,Suroeste,Santa Ponsa,2780000.0,354.0,925.0
6,4,Central,Santa María,2100000.0,500.0,4000.0
0,0,Son Vida & Palma Alrededores,Son Vida,1890000.0,0.0,2224.0
4,4,Suroeste,Cala Vinyes,,437.0,1001.0
3,3,Suroeste,Cala Vinyes,,248.0,834.0
3,3,Suroeste,Cala Vinyes,3200000.0,449.0,868.0
4,4,Suroeste,Cala Vinyes,3800000.0,602.0,991.0
4,4,Suroeste,Cala Vinyes,,514.0,1358.0
5,5,Sureste,Sa Rapita,3950000.0,509.0,30000.0
6,4,Sureste,Campos,,990.0,733.0
3,3,Palma,Palma Catedral - Casco Antiguo,1750000.0,160.0,0.0
4,5,Central,Algaida,2750000.0,578.0,43100.0
0,0,Central,Santa Eugenia,900000.0,0.0,1249.0
0,0,Central,Santa Eugenia,450000.0,0.0,695.0
0,0,Central,Santa Eugenia,450000.0,0.0,554.0
3,3,Central,Montuiri,1300000.0,378.0,275.0
3,2,Sureste,Ses Salines,695000.0,121.0,110.0
3,2,Central,Inca,795000.0,345.0,4005.0
2,2,Suroeste,Bendinat,945000.0,113.0,0.0
4,3,Oeste,Puerto de Sóller,2400000.0,344.0,477.0
2,2,Palma,Palma Catedral - Casco Antiguo,950000.0,112.0,0.0
4,3,Palma,Palma Catedral - Casco Antiguo,1990000.0,206.0,0.0
3,3,Palma,Paseo Marítimo,5100000.0,209.0,0.0
5,5,Sureste,Portopetro,3200000.0,617.0,2812.0
2,2,Sureste,Santanyí,790000.0,112.0,117.0
3,2,Sureste,Ses Salines,2350000.0,225.0,15000.0
5,1,Palma,Palma Catedral - Casco Antiguo,1011000.0,125.0,0.0
6,6,Sureste,Ses Salines,1950000.0,464.0,24900.0
3,3,Sureste,Cala Figuera,1645000.0,290.0,400.0
6,6,Oeste,Valldemossa,3600000.0,755.0,2513.0
5,5,Central,Binissalem,4500000.0,230.0,160700.0
0,0,Noreste,Manacor,2700000.0,388.0,469000.0
6,5,Noreste,Manacor,1275000.0,340.0,16800.0
4,3,Central,Sineu,1800000.0,266.0,16800.0
3,2,Central,Petra,1700000.0,241.0,15000.0
3,3,Sureste,Cala Murada,1275000.0,221.0,536.0
2,1,Norte,Pollensa,790000.0,187.0,6754.0
5,6,Suroeste,Port Andratx,13700000.0,575.0,1285.0
0,0,Central,Sencelles,296000.0,0.0,17800.0
2,2,Palma,Palma Catedral - Casco Antiguo,825000.0,136.0,0.0
2,2,Palma,Palma Catedral - Casco Antiguo,750000.0,124.0,0.0
1,1,Palma,Palma Catedral - Casco Antiguo,495000.0,80.0,0.0
6,6,Noreste,Son Servera,4500000.0,522.0,7093.0
2,2,Palma,Son Armadams,1250000.0,93.0,0.0
2,2,Palma,Son Armadams,1100500.0,86.0,0.0
0,0,Central,Sineu,325000.0,0.0,15000.0
5,6,Central,Bunyola,8500000.0,700.0,34100.0
4,4,Palma,Palma Catedral - Casco Antiguo,2595000.0,291.0,0.0
0,0,Central,Costitx,355000.0,0.0,60100.0
4,2,Central,Llubí,595000.0,316.0,321.0
3,3,Suroeste,Port Andratx,1875000.0,160.0,0.0
0,0,Son Vida & Palma Alrededores,Son Vida,3700000.0,0.0,2452.0
0,0,Son Vida & Palma Alrededores,Son Vida,2700000.0,0.0,2017.0
0,0,Son Vida & Palma Alrededores,Son Vida,2400000.0,0.0,2380.0
0,0,Son Vida & Palma Alrededores,Son Vida,3200000.0,0.0,2960.0
1,1,Palma,Portixol & Molinar,3500000.0,77.0,307.0
7,9,Suroeste,Port Andratx,42500000.0,1752.0,4423.0
3,3,Central,Alaró,975000.0,260.0,506.0
0,0,Sur,Llucmajor,199000.0,0.0,17500.0
3,2,Sureste,Sa Rapita,1920000.0,365.0,730.0
6,7,Noreste,Capdepera,950000.0,346.0,292.0
4,4,Oeste,Puerto de Sóller,1220000.0,240.0,0.0
9,5,Norte,Alcudia - Bonaire,9400000.0,289.0,1459.0
5,5,Noreste,Canyamel,2765000.0,444.0,3217.0
3,2,Norte,Puerto Pollensa,450000.0,110.0,137.0
4,2,Norte,Can Picafort,899000.0,239.0,400.0
6,6,Son Vida & Palma Alrededores,Son Vida,27500000.0,2012.0,6138.0
6,6,Noreste,Manacor,1950000.0,428.0,14300.0
14,6,Palma,Portixol & Molinar,1250000.0,608.0,0.0
4,4,Suroeste,Santa Ponsa,6950000.0,497.0,866.0
0,0,Central,Algaida,325000.0,0.0,51700.0
4,3,Norte,Alcudia - Bonaire,1300000.0,100.0,410.0
0,0,Central,Binissalem,450000.0,0.0,44800.0
0,0,Central,Binissalem,450000.0,130.0,44800.0
4,3,Palma,Playa de Palma & Arenal,1397000.0,127.0,0.0
4,3,Palma,Playa de Palma & Arenal,1317000.0,125.0,0.0
4,4,Central,Sencelles,2950000.0,512.0,15300.0
5,4,Noreste,Son Servera,2900000.0,439.0,1194.0
4,4,Sureste,Santanyí,4900000.0,463.0,19400.0
5,6,Sureste,Alquería Blanca,6300000.0,486.0,16700.0
6,0,Central,Llubí,900000.0,498.0,17900.0
5,4,Norte,Alcudia - Bonaire,2600000.0,350.0,28000.0
4,5,Palma,Portixol & Molinar,3900000.0,300.0,0.0
3,4,Noreste,San Lorenzo,649000.0,324.0,459.0
4,5,Sureste,Cala Llombards,4900000.0,503.0,14300.0
4,4,Suroeste,Santa Ponsa,3950000.0,267.0,871.0
4,6,Suroeste,Port Andratx,12900000.0,502.0,0.0
4,6,Suroeste,Port Andratx,12900000.0,502.0,0.0
2,3,Suroeste,Port Andratx,4575000.0,191.0,0.0
2,3,Suroeste,Port Andratx,4750000.0,201.0,0.0
2,3,Suroeste,Port Andratx,3480000.0,243.0,0.0
2,3,Suroeste,Port Andratx,2795000.0,395.0,0.0
4,3,Norte,Pollensa,1800000.0,210.0,10326.0
8,5,Central,Pina,5495000.0,577.0,40100.0
5,3,Norte,Pollensa,690000.0,161.0,116.0
2,1,Norte,Pollensa,590000.0,212.0,161.0
4,5,Noreste,Canyamel,2390000.0,509.0,2542.0
6,6,Son Vida & Palma Alrededores,Son Vida,10900000.0,673.0,2345.0
5,5,Norte,Puerto Pollensa,3800000.0,415.0,1350.0
0,0,Central,San Juan,199000.0,0.0,18800.0
3,2,Central,Biniali,617000.0,134.0,126.0
2,2,Palma,Son Armadams,1050250.0,86.0,0.0
8,8,Sureste,Santanyí,5500000.0,585.0,66100.0
3,2,Central,Petra,695000.0,129.0,109.0
4,4,Central,Inca,2950000.0,481.0,28900.0
3,3,Oeste,Puerto de Sóller,2700000.0,290.0,487.0
0,0,Noreste,Font de Sa Cala,900000.0,0.0,840.0
0,0,Sur,Sa Torre,650000.0,0.0,1034.0
5,5,Son Vida & Palma Alrededores,Son Vida,4400000.0,508.0,2184.0
4,4,Sur,Llucmajor,3950000.0,373.0,61800.0
0,0,Central,San Juan,350000.0,0.0,14000.0
7,6,Central,Lloret de Vista Alegre,3800000.0,1125.0,47200.0
4,2,Norte,Playa de Muro,1450000.0,161.0,661.0
4,5,Central,Sa Coma - Bunyola,2370000.0,354.0,1800.0
5,5,Noreste,Canyamel,4900000.0,644.0,2575.0
4,4,Sur,Son Veri,,745.0,958.0
4,5,Son Vida & Palma Alrededores,Puigpunyent & Galilea,2750000.0,396.0,1223.0
6,7,Son Vida & Palma Alrededores,Son Vida,7000000.0,691.0,2020.0
2,2,Sureste,Ses Salines,1750000.0,375.0,363.0
4,5,Suroeste,Port Andratx,9500000.0,350.0,1479.0
3,2,Oeste,Valldemossa,2850000.0,257.0,19800.0
4,5,Sureste,Ses Salines,1850000.0,294.0,300.0
4,2,Noreste,San Lorenzo,735000.0,216.0,14700.0
3,2,Central,Sineu,1180000.0,222.0,185.0
5,4,Sureste,Santanyí,7450000.0,455.0,35000.0
8,6,Suroeste,Port Andratx,10500000.0,585.0,5863.0
7,0,Oeste,Puerto de Sóller,2900000.0,157.0,294.0
3,4,Central,Inca,5400000.0,494.0,17300.0
10,6,Central,Marratxi,2500000.0,1495.0,53400.0
2,2,Palma,Son Armadams,1420250.0,72.0,0.0
4,2,Oeste,Deià,1450000.0,153.0,387.0
4,4,Sureste,Santanyí,2675000.0,270.0,22600.0
5,4,Palma,Portixol & Molinar,3450000.0,409.0,0.0
3,2,Palma,La Bonanova,2390000.0,165.0,0.0
5,5,Central,Portol,2000000.0,357.0,2070.0
8,7,Central,Inca,3500000.0,706.0,13100.0
5,1,Sur,Llucmajor,8500000.0,415.0,1239200.0
0,0,Suroeste,Port Andratx,1000000.0,0.0,1705.0
6,6,Suroeste,Port Andratx,12900000.0,709.0,1057.0
0,0,Noreste,Capdepera,380000.0,0.0,14000.0
5,3,Norte,Alcudia - Bonaire,1200000.0,392.0,634.0
2,3,Central,Montuiri,2390000.0,218.0,14800.0
4,1,Central,Bunyola,1190000.0,326.0,632.0
5,5,Central,Alaró,5500000.0,596.0,15000.0
3,3,Central,Son Gual,3045000.0,420.0,2038.0
0,0,Norte,Alcudia,480000.0,0.0,1350.0
8,6,Central,Algaida,2930000.0,565.0,23500.0
4,2,Central,Alaró,750000.0,160.0,646.0
4,3,Son Vida & Palma Alrededores,Establiments,1995000.0,390.0,19300.0
3,2,Palma,Palma Catedral - Casco Antiguo,1495000.0,147.0,0.0
4,4,Central,Marratxi,2035000.0,645.0,15400.0
4,2,Noreste,Son Servera,1450000.0,755.0,2191.0
5,2,Sur,Llucmajor,1600000.0,284.0,7100.0
8,2,Sur,Llucmajor,980000.0,635.0,350.0
4,4,Norte,Puerto Alcudia - Alcanada,2650000.0,270.0,470.0
5,4,Suroeste,S'Arraco,3400000.0,259.0,18200.0
4,4,Sureste,Felanitx,1295000.0,310.0,540.0
6,7,Suroeste,Paguera,4700000.0,520.0,1531.0
5,5,Sureste,Ses Salines,5250000.0,387.0,15900.0
1,1,Palma,Palma Catedral - Casco Antiguo,450000.0,58.0,0.0
4,3,Suroeste,Camp de Mar,12950000.0,431.0,1864.0
4,1,Central,Binissalem,1500000.0,784.0,1828.0
4,5,Noreste,San Lorenzo,3580000.0,390.0,14300.0
10,9,Noreste,Manacor,2950000.0,326.0,224000.0
4,4,Noreste,San Lorenzo,1999000.0,279.0,17800.0
5,2,Sur,Llucmajor,2495000.0,1064.0,798.0
8,5,Noreste,Sa Coma,1749000.0,211.0,679.0
4,4,Sur,Cala Pi,1350000.0,383.0,375.0
4,3,Central,Algaida,3150000.0,476.0,10242.0
4,3,Central,Algaida,2950000.0,476.0,19500.0
16,13,Sur,Llucmajor,11890000.0,1780.0,1420000.0
6,0,Central,Llubí,647000.0,523.0,84700.0
0,0,Suroeste,Camp de Mar,12950000.0,0.0,1864.0
2,2,Palma,Son Armadams,785000.0,74.0,0.0
7,6,Son Vida & Palma Alrededores,Son Vida,39500000.0,1958.0,4255.0
3,3,Suroeste,Andratx,3800000.0,348.0,868.0
3,2,Palma,Palma City Centre,1200000.0,99.0,0.0
8,7,Sureste,Cala d'Or,3900000.0,515.0,1659.0
5,2,Central,Inca,2950000.0,2654.0,449600.0
20,14,Central,Lloret de Vista Alegre,2350000.0,1010.0,33100.0
2,2,Palma,Portixol & Molinar,2550000.0,104.0,0.0
3,3,Palma,Portixol & Molinar,3360000.0,156.0,0.0
4,4,Central,Costitx,610000.0,323.0,28100.0
0,0,Norte,Puerto Alcudia,1600000.0,0.0,35800.0
3,2,Norte,Pollensa,720000.0,162.0,684.0
7,7,Central,Inca,5900000.0,1206.0,89500.0
8,4,Oeste,Fornalutx,2700000.0,1562.0,938.0
0,0,Norte,Alcudia,900000.0,0.0,35900.0
7,6,Son Vida & Palma Alrededores,Establiments,7900000.0,1200.0,180000.0
3,3,Norte,Can Picafort,1500000.0,152.0,0.0
2,2,Norte,Can Picafort,800000.0,91.0,0.0
4,3,Son Vida & Palma Alrededores,Establiments,2600000.0,468.0,16500.0
4,3,Sur,Puig de Ros,920000.0,142.0,339.0
9,11,Norte,Pollensa,9950000.0,820.0,408200.0
8,2,Norte,Escorca,5400000.0,736.0,361600.0
2,3,Palma,Portixol & Molinar,2430000.0,133.0,0.0
4,4,Son Vida & Palma Alrededores,Son Vida,3970000.0,480.0,2000.0
11,6,Noreste,Manacor,6800000.0,3215.0,300000.0
4,3,Central,Puntiró,2250000.0,860.0,7286.0
0,0,Central,Costitx,297000.0,74.0,42500.0
0,0,Central,Costitx,297000.0,0.0,42500.0
4,4,Noreste,Canyamel,,463.0,1000.0
4,4,Noreste,Canyamel,,547.0,1200.0
4,4,Noreste,Canyamel,,426.0,701.0
8,8,Noreste,Artá,3400000.0,936.0,1042.0
4,4,Noreste,Costa de Los Pinos,3250000.0,634.0,3018.0
4,2,Central,Costitx,850000.0,222.0,15300.0
6,6,Suroeste,Port Andratx,12800000.0,691.0,1038.0
7,6,Oeste,Estellencs,3500000.0,550.0,0.0
4,6,Oeste,Deià,3500000.0,534.0,700.0
7,7,Suroeste,Port Andratx,7400000.0,675.0,2375.0
10,3,Central,Binissalem,4600000.0,600.0,399700.0
4,4,Noreste,Artá,4600000.0,616.0,140000.0
0,0,Suroeste,Port Andratx,1550000.0,0.0,1073.0
8,5,Norte,Pollensa,,2459.0,1225000.0
0,0,Norte,Pollensa,495000.0,0.0,14600.0
5,8,Norte,Muro,4200000.0,800.0,26700.0
0,0,Sur,Llucmajor,5400000.0,2329.0,1133600.0
0,0,Sur,Llucmajor,450000.0,0.0,50000.0
8,2,Sur,Llucmajor,3800000.0,535.0,82400.0
4,2,Sur,Llucmajor,1250000.0,1118.0,212800.0
6,4,Oeste,Deià,1250000.0,346.0,215.0
0,0,Oeste,Deià,1300000.0,0.0,989.0
0,0,Suroeste,Paguera,15000000.0,3964.0,1241600.0
0,0,Central,Petra,250000.0,0.0,21000.0
5,5,Central,Moscari,2900000.0,456.0,16000.0
0,0,Central,Inca,380000.0,0.0,2000.0
3,2,Noreste,Cala Ratjada,4100000.0,343.0,908.0
5,6,Sureste,Cala d'Or,3400000.0,600.0,1200.0
5,5,Sureste,Portopetro,3150000.0,550.0,28400.0
7,2,Norte,Escorca,9000000.0,494.0,2252100.0
0,0,Noreste,Artá,7800000.0,900.0,5430200.0
3,2,Sur,Bahía Grande / Bahía Azul,1390000.0,341.0,655.0
0,0,Norte,Pollensa,2000000.0,0.0,28900.0
9,9,Sur,Llucmajor,4500000.0,1332.0,375500.0
0,0,Noreste,San Lorenzo,2950000.0,1405.0,212000.0
0,0,Noreste,Betlem,195000.0,0.0,835.0
0,0,Norte,Búger,350000.0,0.0,14100.0
4,4,Noreste,Canyamel,3140000.0,460.0,1830.0
4,4,Noreste,Canyamel,2765000.0,330.0,1800.0
0,0,Noreste,Canyamel,210000.0,0.0,726.0
0,0,Noreste,Canyamel,199000.0,0.0,686.0
10,9,Norte,Pollensa,3500000.0,600.0,76000.0
0,0,Noreste,Canyamel,275000.0,0.0,1667.0
10,10,Son Vida & Palma Alrededores,Son Vida,8500000.0,1430.0,5587.0
10,9,Noreste,San Lorenzo,,3000.0,700000.0
6,5,Son Vida & Palma Alrededores,Son Vida,4800000.0,470.0,4300.0
0,0,Noreste,Cala Ratjada,500000.0,0.0,1097.0
4,4,Suroeste,Port Adriano,9850000.0,615.0,900.0
4,4,Suroeste,Calvià,7250000.0,398.0,33200.0
