superficie_construida,superficie_parcela,habitaciones,banos,zona,localizacion,precio
481 ㎡,"3,49 ㏊",,,Noreste,Artá,890.000 EUR
150 ㎡,,3.0,2.0,Norte,Búger,539.000 EUR
98 ㎡,,3.0,2.0,Palma,El Terreno,950.000 EUR
168 ㎡,151 ㎡,4.0,3.0,Norte,Campanet,1.750.000 EUR
263 ㎡,,3.0,4.0,Suroeste,Paguera,3.850.000 EUR
327 ㎡,"1,46 ㏊",4.0,4.0,Central,Moscari,2.250.000 EUR
786 ㎡,2.015 ㎡,5.0,5.0,Suroeste,Sol de Mallorca,7.950.000 EUR
219 ㎡,812 ㎡,3.0,3.0,Sur,Cala Pi,1.700.000 EUR
124 ㎡,,3.0,2.0,Palma,Son Armadams,1.088.000 EUR
348 ㎡,"1,42 ㏊",5.0,3.0,Central,Santa María,1.200.000 EUR
,948 ㎡,,,Suroeste,Calvià,560.000 EUR
245 ㎡,700 ㎡,3.0,2.0,Noreste,Cala Ratjada,1.230.000 EUR
546 ㎡,"1,59 ㏊",4.0,5.0,Noreste,Artá,2.790.000 EUR
294 ㎡,904 ㎡,4.0,4.0,Sureste,Felanitx,1.600.000 EUR
173 ㎡,,2.0,2.0,Son Vida & Palma Alrededores,Palma Golf,1.200.000 EUR
63 ㎡,,2.0,2.0,Norte,Alcudia,495.000 EUR
271 ㎡,7.904 ㎡,4.0,3.0,Sureste,Cala Santanyi,2.200.000 EUR
190 ㎡,,4.0,3.0,Son Vida & Palma Alrededores,Establiments,1.200.000 EUR
1.706 ㎡,1.243 ㎡,9.0,8.0,Central,Sencelles,4.500.000 EUR
682 ㎡,"13,25 ㏊",6.0,5.0,Central,Sencelles,3.900.000 EUR
127 ㎡,,3.0,2.0,Palma,Portixol & Molinar,1.199.000 EUR
,"1,5 ㏊",,,Central,Moscari,520.000 EUR
,"1,68 ㏊",,,Central,Moscari,520.000 EUR
159 ㎡,131 ㎡,3.0,2.0,Norte,Campanet,550.000 EUR
313 ㎡,11.500 ㎡,6.0,4.0,Central,Alaró,1.198.000 EUR
175 ㎡,186 ㎡,3.0,3.0,Central,Maria de la Salut,890.000 EUR
235 ㎡,286 ㎡,3.0,4.0,Central,Sineu,1.190.000 EUR
296 ㎡,410 ㎡,3.0,4.0,Central,Lloret de Vista Alegre,1.390.000 EUR
82 ㎡,,2.0,2.0,Suroeste,Port Andratx,1.495.000 EUR
192 ㎡,8.878 ㎡,4.0,3.0,Sureste,Cala d'Or,1.795.000 EUR
311 ㎡,553 ㎡,2.0,2.0,Son Vida & Palma Alrededores,Esporles,1.725.000 EUR
235 ㎡,668 ㎡,4.0,4.0,Norte,Playa de Muro,895.000 EUR
181 ㎡,,3.0,3.0,Palma,Palma Catedral - Casco Antiguo,1.395.000 EUR
234 ㎡,634 ㎡,4.0,3.0,Noreste,Canyamel,1.385.000 EUR
295 ㎡,7.106 ㎡,3.0,3.0,Noreste,Son Servera,2.200.000 EUR
262 ㎡,321 ㎡,3.0,2.0,Sur,Cala Pi,1.390.000 EUR
518 ㎡,2.444 ㎡,6.0,4.0,Son Vida & Palma Alrededores,Palma Golf,3.500.000 EUR
,"1,55 ㏊",,,Central,Algaida,250.000 EUR
190 ㎡,425 ㎡,4.0,3.0,Noreste,Colonia de St. Pere,1.950.000 EUR
138 ㎡,988 ㎡,3.0,2.0,Sur,Cala Blava,955.000 EUR
265 ㎡,"1,77 ㏊",3.0,3.0,Central,Vilafranca de Bonany,1.590.000 EUR
,"1,77 ㏊",,,Central,Vilafranca de Bonany,389.000 EUR
500 ㎡,1.009 ㎡,4.0,7.0,Son Vida & Palma Alrededores,Son Vida,4.995.000 EUR
440 ㎡,270 ㎡,3.0,3.0,Sureste,Campos,1.500.000 EUR
,"1,78 ㏊",,,Noreste,Son Servera,750.000 EUR
768 ㎡,2.231 ㎡,5.0,5.0,Son Vida & Palma Alrededores,Son Vida,5.400.000 EUR
303 ㎡,1.033 ㎡,4.0,4.0,Suroeste,Santa Ponsa,2.200.000 EUR
298 ㎡,8.957 ㎡,3.0,2.0,Central,Algaida,1.250.000 EUR
283 ㎡,3.312 ㎡,4.0,2.0,Central,Sencelles,699.000 EUR
268 ㎡,982 ㎡,4.0,3.0,Oeste,Deià,4.500.000 EUR
112 ㎡,"1,43 ㏊",4.0,2.0,Noreste,Porto Cristo,965.000 EUR
207 ㎡,166 ㎡,4.0,3.0,Noreste,Capdepera,1.175.000 EUR
,"12,48 ㏊",,,Central,Inca,1.700.000 EUR
,"1,42 ㏊",,,Noreste,Artá,380.000 EUR
270 ㎡,,5.0,5.0,Palma,Genova,2.750.000 EUR
1.461 ㎡,"4,36 ㏊",5.0,5.0,Noreste,San Lorenzo,7.000.000 EUR
287 ㎡,1.567 ㎡,4.0,4.0,Suroeste,Port Andratx,3.250.000 EUR
206 ㎡,103 ㎡,3.0,4.0,Central,Alaró,789.000 EUR
250 ㎡,1.633 ㎡,3.0,3.0,Suroeste,Andratx,1.995.000 EUR
165 ㎡,2.000 ㎡,3.0,2.0,Noreste,Manacor,1.180.000 EUR
171 ㎡,,3.0,3.0,Palma,Paseo Marítimo,2.045.000 EUR
70 ㎡,,2.0,1.0,Sur,Arenal,250.000 EUR
94 ㎡,,4.0,2.0,Palma,Son Armadams,540.000 EUR
373 ㎡,2.007 ㎡,4.0,3.0,Central,Son Gual,2.790.000 EUR
,"2,15 ㏊",,,Sur,Llucmajor,249.000 EUR
48 ㎡,,1.0,1.0,Palma,Paseo Marítimo,550.000 EUR
344 ㎡,2.126 ㎡,5.0,4.0,Central,Marratxi,2.400.000 EUR
1.148 ㎡,2.349 ㎡,5.0,5.0,Son Vida & Palma Alrededores,Son Vida,9.800.000 EUR
94 ㎡,,2.0,2.0,Palma,El Terreno,730.000 EUR
958 ㎡,"2,57 ㏊",7.0,7.0,Central,Alaró,8.400.000 EUR
123 ㎡,,4.0,3.0,Suroeste,Port Andratx,3.580.000 EUR
234 ㎡,119 ㎡,4.0,4.0,Central,Montuiri,1.795.000 EUR
485 ㎡,486 ㎡,5.0,4.0,Son Vida & Palma Alrededores,Palma Golf,1.980.000 EUR
316 ㎡,816 ㎡,4.0,3.0,Suroeste,Santa Ponsa,4.750.000 EUR
,"1,97 ㏊",,,Norte,Campanet,435.000 EUR
140 ㎡,,3.0,4.0,Suroeste,Cala Major,3.600.000 EUR
500 ㎡,"1,52 ㏊",4.0,6.0,Son Vida & Palma Alrededores,Establiments,5.250.000 EUR
93 ㎡,,3.0,2.0,Central,Alaró,350.000 EUR
159 ㎡,616 ㎡,3.0,2.0,Sur,Cala Pi,1.050.000 EUR
240 ㎡,3.742 ㎡,6.0,4.0,Son Vida & Palma Alrededores,Son Sardina,2.400.000 EUR
260 ㎡,350 ㎡,3.0,4.0,Oeste,Deià,1.500.000 EUR
,2.700 ㎡,,,Central,Alaró,650.000 EUR
520 ㎡,"3,01 ㏊",5.0,5.0,Central,Santa María,6.500.000 EUR
393 ㎡,289 ㎡,4.0,5.0,Central,Sineu,2.590.000 EUR
87 ㎡,,2.0,1.0,Sur,Cala Pi,495.000 EUR
142 ㎡,,3.0,2.0,Palma,Portixol & Molinar,945.000 EUR
668 ㎡,1.522 ㎡,4.0,4.0,Suroeste,Cala Vinyes,3.700.000 EUR
665 ㎡,1.374 ㎡,4.0,4.0,Suroeste,Cala Vinyes,3.800.000 EUR
676 ㎡,1.452 ㎡,4.0,4.0,Suroeste,Cala Vinyes,3.900.000 EUR
624 ㎡,2.000 ㎡,6.0,6.0,Son Vida & Palma Alrededores,Son Vida,7.900.000 EUR
422 ㎡,1.042 ㎡,5.0,4.0,Suroeste,Port Andratx,7.350.000 EUR
94 ㎡,,2.0,2.0,Sur,Arenal,650.000 EUR
126 ㎡,,2.0,2.0,Palma,Palma Catedral - Casco Antiguo,1.495.000 EUR
178 ㎡,390 ㎡,3.0,3.0,Sureste,Cala Murada,980.000 EUR
310 ㎡,220 ㎡,5.0,2.0,Central,Sencelles,639.000 EUR
426 ㎡,616 ㎡,4.0,6.0,Central,Marratxi,1.990.000 EUR
102 ㎡,,2.0,2.0,Noreste,Colonia de St. Pere,1.495.000 EUR
102 ㎡,,3.0,2.0,Palma,Playa de Palma & Arenal,1.595.000 EUR
288 ㎡,981 ㎡,5.0,4.0,Suroeste,Port Andratx,8.000.000 EUR
133 ㎡,8.366 ㎡,2.0,2.0,Sur,Llucmajor,749.000 EUR
264 ㎡,6.358 ㎡,2.0,2.0,Central,Llubí,570.000 EUR
160 ㎡,,2.0,2.0,Palma,La Bonanova,1.800.000 EUR
435 ㎡,303 ㎡,6.0,4.0,Norte,Sa Pobla,1.050.000 EUR
220 ㎡,240 ㎡,5.0,3.0,Central,Maria de la Salut,1.290.000 EUR
256 ㎡,135 ㎡,4.0,3.0,Central,Sineu,350.000 EUR
769 ㎡,2.400 ㎡,7.0,7.0,Suroeste,Costa de la Calma,6.950.000 EUR
131 ㎡,423 ㎡,3.0,2.0,Sur,Tolleric,1.095.000 EUR
670 ㎡,2.500 ㎡,5.0,5.0,Son Vida & Palma Alrededores,Palmanyola,5.600.000 EUR
380 ㎡,820 ㎡,7.0,5.0,Palma,Playa de Palma & Arenal,2.570.000 EUR
100 ㎡,,3.0,2.0,Palma,Son Espanyolet,575.000 EUR
406 ㎡,3.070 ㎡,3.0,4.0,Central,Bunyola,2.850.000 EUR
157 ㎡,580 ㎡,4.0,4.0,Suroeste,Port Andratx,4.250.000 EUR
102 ㎡,,3.0,2.0,Norte,Puerto Pollensa,525.000 EUR
82 ㎡,,2.0,2.0,Palma,Palma Catedral - Casco Antiguo,595.000 EUR
119 ㎡,,3.0,2.0,Suroeste,Santa Ponsa,895.000 EUR
288 ㎡,195 ㎡,3.0,3.0,Central,Pina,1.190.000 EUR
500 ㎡,4 ㏊,6.0,6.0,Noreste,Artá,6.750.000 EUR
116 ㎡,,3.0,2.0,Norte,Puerto Alcudia,418.500 EUR
486 ㎡,304 ㎡,5.0,4.0,Sureste,Felanitx,1.950.000 EUR
150 ㎡,214 ㎡,3.0,3.0,Norte,Campanet,675.000 EUR
115 ㎡,,4.0,2.0,Suroeste,Palmanova,895.000 EUR
411 ㎡,645 ㎡,6.0,5.0,Central,Marratxi,1.095.000 EUR
432 ㎡,387 ㎡,3.0,4.0,Sureste,Cala Figuera,2.950.000 EUR
72 ㎡,,2.0,1.0,Suroeste,Portals,1.095.000 EUR
237 ㎡,761 ㎡,4.0,5.0,Suroeste,Costa d'en Blanes,3.000.000 EUR
370 ㎡,,5.0,3.0,Palma,Palma City Centre,1.600.000 EUR
299 ㎡,881 ㎡,5.0,5.0,Noreste,Font de Sa Cala,2.190.000 EUR
625 ㎡,"232,22 ㏊",,,Suroeste,Calvià,8.500.000 EUR
233 ㎡,,3.0,3.0,Palma,Palma Catedral - Casco Antiguo,3.300.000 EUR
104 ㎡,,2.0,2.0,Suroeste,Santa Ponsa,825.000 EUR
220 ㎡,240 ㎡,3.0,2.0,Central,Biniali,1.400.000 EUR
380 ㎡,1.208 ㎡,4.0,3.0,Suroeste,Santa Ponsa,3.600.000 EUR
146 ㎡,675 ㎡,3.0,2.0,Norte,Alcudia - Bonaire,975.000 EUR
531 ㎡,4.119 ㎡,4.0,3.0,Son Vida & Palma Alrededores,Son Vida,6.950.000 EUR
136 ㎡,,3.0,3.0,Palma,Paseo Marítimo,1.750.000 EUR
52 ㎡,,2.0,1.0,Norte,Alcudia,465.000 EUR
341 ㎡,"1,74 ㏊",4.0,4.0,Central,Montuiri,2.300.000 EUR
159 ㎡,300 ㎡,3.0,2.0,Central,Moscari,495.000 EUR
395 ㎡,368 ㎡,4.0,4.0,Norte,Campanet,2.500.000 EUR
132 ㎡,,5.0,3.0,Norte,Playa de Muro,825.000 EUR
140 ㎡,,4.0,2.0,Palma,Playa de Palma & Arenal,669.000 EUR
220 ㎡,,3.0,4.0,Palma,Palma Catedral - Casco Antiguo,3.650.000 EUR
370 ㎡,3 ㏊,5.0,5.0,Sur,Llucmajor,2.980.000 EUR
92 ㎡,,2.0,2.0,Sur,Cala Pi,365.000 EUR
140 ㎡,770 ㎡,3.0,2.0,Sureste,Cala Murada,1.280.000 EUR
215 ㎡,"1,49 ㏊",3.0,3.0,Norte,Santa Margalida,1.450.000 EUR
160 ㎡,723 ㎡,3.0,2.0,Sur,Bahía Grande / Bahía Azul,695.000 EUR
199 ㎡,163 ㎡,3.0,2.0,Central,Selva,1.535.000 EUR
83 ㎡,,3.0,2.0,Central,Mallorca Central - Es Rafal,490.000 EUR
520 ㎡,1.331 ㎡,5.0,4.0,Suroeste,Santa Ponsa,6.300.000 EUR
399 ㎡,"2,38 ㏊",5.0,5.0,Sureste,Ses Salines,5.450.000 EUR
115 ㎡,,3.0,2.0,Suroeste,Costa de la Calma,1.995.000 EUR
200 ㎡,4.810 ㎡,3.0,2.0,Noreste,Canyamel,790.000 EUR
353 ㎡,207 ㎡,5.0,6.0,Noreste,Artá,970.000 EUR
393 ㎡,"2,33 ㏊",5.0,4.0,Sureste,Portopetro,4.250.000 EUR
66 ㎡,,2.0,1.0,Palma,Palma Catedral - Casco Antiguo,625.000 EUR
477 ㎡,1.100 ㎡,4.0,3.0,Suroeste,Costa d'en Blanes,3.900.000 EUR
433 ㎡,,5.0,5.0,Norte,Pollensa,2.200.000 EUR
550 ㎡,"1,36 ㏊",6.0,7.0,Central,Santa María,7.500.000 EUR
546 ㎡,953 ㎡,5.0,6.0,Suroeste,Bendinat,8.450.000 EUR
481 ㎡,"2,89 ㏊",4.0,4.0,Central,Llubí,2.950.000 EUR
396 ㎡,2.001 ㎡,4.0,3.0,Central,Son Gual,2.640.000 EUR
434 ㎡,309 ㎡,3.0,2.0,Noreste,Artá,1.985.000 EUR
705 ㎡,1.326 ㎡,5.0,3.0,Palma,La Bonanova,9.900.000 EUR
160 ㎡,,4.0,2.0,Palma,Palma Catedral - Casco Antiguo,1.650.000 EUR
156 ㎡,54 ㎡,2.0,1.0,Central,Selva,420.000 EUR
374 ㎡,1.893 ㎡,3.0,2.0,Central,Mancor del Valle,1.350.000 EUR
,1.390 ㎡,,,Suroeste,Camp de Mar,3.950.000 EUR
303 ㎡,2.100 ㎡,5.0,4.0,Suroeste,Costa de la Calma,3.450.000 EUR
477 ㎡,11.967 ㎡,5.0,3.0,Central,Son Ferriol,970.000 EUR
106 ㎡,,3.0,2.0,Norte,Alcudia,415.000 EUR
90 ㎡,,2.0,2.0,Palma,Palma City Centre,995.000 EUR
192 ㎡,134 ㎡,3.0,2.0,Central,Alaró,995.000 EUR
240 ㎡,"1,48 ㏊",5.0,4.0,Norte,Muro,1.850.000 EUR
,"2,85 ㏊",,,Sur,Llucmajor,599.000 EUR
,"1,71 ㏊",,,Central,Moscari,790.000 EUR
511 ㎡,"1,71 ㏊",4.0,5.0,Central,Moscari,2.900.000 EUR
673 ㎡,"3,62 ㏊",4.0,4.0,Central,Moscari,4.950.000 EUR
832 ㎡,"1,98 ㏊",5.0,5.0,Central,Moscari,3.950.000 EUR
392 ㎡,2.024 ㎡,4.0,3.0,Central,Son Gual,4.300.000 EUR
221 ㎡,196 ㎡,4.0,5.0,Norte,Pollensa,1.975.000 EUR
306 ㎡,"1,48 ㏊",4.0,4.0,Sur,Llucmajor,1.295.000 EUR
211 ㎡,607 ㎡,3.0,2.0,Sur,Cala Blava,1.350.000 EUR
87 ㎡,352 ㎡,3.0,2.0,Norte,Puerto Alcudia - Alcanada,895.000 EUR
87 ㎡,403 ㎡,3.0,2.0,Norte,Puerto Alcudia - Alcanada,875.000 EUR
87 ㎡,374 ㎡,3.0,2.0,Norte,Puerto Alcudia,885.000 EUR
87 ㎡,305 ㎡,3.0,2.0,Norte,Puerto Alcudia - Alcanada,795.000 EUR
87 ㎡,436 ㎡,3.0,2.0,Norte,Puerto Alcudia - Alcanada,895.000 EUR
350 ㎡,600 ㎡,4.0,5.0,Norte,Alcudia - Bonaire,1.750.000 EUR
153 ㎡,400 ㎡,3.0,2.0,Sur,Cala Pi,860.000 EUR
350 ㎡,800 ㎡,7.0,4.0,Sur,Cala Blava,1.200.000 EUR
220 ㎡,142 ㎡,4.0,3.0,Noreste,Artá,1.750.000 EUR
74 ㎡,,1.0,1.0,Palma,Palma Catedral - Casco Antiguo,470.000 EUR
115 ㎡,,3.0,3.0,Norte,Puerto Pollensa,795.000 EUR
586 ㎡,4.182 ㎡,5.0,4.0,Central,Selva,2.500.000 EUR
60 ㎡,,2.0,2.0,Suroeste,Portals,1.295.000 EUR
,2.350 ㎡,,,Son Vida & Palma Alrededores,Son Vida,2.250.000 EUR
580 ㎡,"1,69 ㏊",5.0,5.0,Central,Santa María,A Consultar
435 ㎡,"3,76 ㏊",5.0,3.0,Central,Inca,2.300.000 EUR
545 ㎡,2.800 ㎡,17.0,12.0,Sureste,Cala d'Or,3.600.000 EUR
240 ㎡,1.800 ㎡,6.0,6.0,Sureste,Cala d'Or,1.200.000 EUR
150 ㎡,,4.0,3.0,Palma,Playa de Palma & Arenal,1.397.000 EUR
150 ㎡,,3.0,1.0,Palma,Palma City Centre,680.000 EUR
264 ㎡,"4,36 ㏊",4.0,3.0,Central,Sencelles,1.650.000 EUR
135 ㎡,,4.0,2.0,Palma,Portixol & Molinar,1.890.000 EUR
226 ㎡,1.050 ㎡,4.0,3.0,Noreste,San Lorenzo,1.650.000 EUR
153 ㎡,,3.0,3.0,Palma,Portixol & Molinar,3.250.000 EUR
87 ㎡,,2.0,1.0,Suroeste,Illetas,698.000 EUR
453 ㎡,1.600 ㎡,5.0,4.0,Sureste,Cala d'Or,4.900.000 EUR
105 ㎡,,3.0,2.0,Palma,Palma Catedral - Casco Antiguo,950.000 EUR
265 ㎡,197 ㎡,3.0,3.0,Noreste,Artá,745.000 EUR
500 ㎡,2.137 ㎡,3.0,4.0,Son Vida & Palma Alrededores,Son Vida,6.800.000 EUR
1.010 ㎡,2.000 ㎡,5.0,7.0,Son Vida & Palma Alrededores,Son Vida,12.900.000 EUR
475 ㎡,8.147 ㎡,7.0,6.0,Central,Inca,1.550.000 EUR
237 ㎡,286 ㎡,4.0,4.0,Norte,Muro,1.100.000 EUR
90 ㎡,,3.0,2.0,Norte,Puerto Alcudia - Alcanada,460.000 EUR
347 ㎡,"1,54 ㏊",4.0,4.0,Central,Maria de la Salut,1.990.000 EUR
323 ㎡,1.510 ㎡,4.0,4.0,Suroeste,Santa Ponsa,3.900.000 EUR
115 ㎡,,2.0,2.0,Suroeste,Bendinat,1.100.000 EUR
587 ㎡,4.600 ㎡,9.0,9.0,Norte,Formentor,A Consultar
965 ㎡,"2,02 ㏊",10.0,5.0,Oeste,Fornalutx,5.000.000 EUR
,1.579 ㎡,,,Son Vida & Palma Alrededores,Puigpunyent & Galilea,290.000 EUR
386 ㎡,1.943 ㎡,5.0,4.0,Norte,Pollensa,4.200.000 EUR
,"1,78 ㏊",,,Sur,Llucmajor,795.000 EUR
,"24,43 ㏊",,,Central,Petra,1.100.000 EUR
247 ㎡,155 ㎡,3.0,3.0,Central,Biniamar,740.000 EUR
151 ㎡,155 ㎡,3.0,2.0,Central,Biniamar,690.000 EUR
178 ㎡,178 ㎡,4.0,2.0,Palma,Son Espanyolet,2.290.000 EUR
220 ㎡,,4.0,3.0,Norte,Pollensa,1.450.000 EUR
122 ㎡,60 ㎡,3.0,2.0,Norte,Pollensa,520.000 EUR
717 ㎡,3 ㏊,6.0,6.0,Sureste,Santanyí,7.800.000 EUR
263 ㎡,8.187 ㎡,4.0,3.0,Central,S'Aranjassa,2.495.000 EUR
471 ㎡,1.433 ㎡,4.0,4.0,Sureste,Cala d'Or,1.960.000 EUR
155 ㎡,412 ㎡,3.0,3.0,Sur,Bahía Grande / Bahía Azul,840.000 EUR
448 ㎡,"2,47 ㏊",7.0,5.0,Central,Petra,2.900.000 EUR
151 ㎡,,3.0,2.0,Oeste,Puerto de Sóller,1.380.000 EUR
,2.044 ㎡,,,Son Vida & Palma Alrededores,Son Vida,1.500.000 EUR
,2.561 ㎡,,,Son Vida & Palma Alrededores,Son Vida,1.400.000 EUR
539 ㎡,"2,1 ㏊",4.0,4.0,Central,Moscari,3.900.000 EUR
129 ㎡,,2.0,3.0,Palma,Son Espanyolet,675.000 EUR
246 ㎡,163 ㎡,3.0,3.0,Central,Caimari,1.080.000 EUR
446 ㎡,"1,26 ㏊",5.0,4.0,Central,Inca,1.800.000 EUR
62 ㎡,,1.0,1.0,Suroeste,Bendinat,595.000 EUR
,2.615 ㎡,,,Son Vida & Palma Alrededores,Son Vida,10.100.000 EUR
139 ㎡,,2.0,2.0,Son Vida & Palma Alrededores,Palma Golf,1.500.000 EUR
120 ㎡,,2.0,2.0,Son Vida & Palma Alrededores,Palma Golf,890.000 EUR
251 ㎡,,3.0,3.0,Son Vida & Palma Alrededores,Palma Golf,2.700.000 EUR
89 ㎡,,2.0,2.0,Suroeste,Port Andratx,1.590.000 EUR
183 ㎡,2.416 ㎡,4.0,2.0,Central,Alaró,775.000 EUR
180 ㎡,57 ㎡,3.0,1.0,Oeste,Fornalutx,690.000 EUR
263 ㎡,8.187 ㎡,4.0,3.0,Central,S'Aranjassa,2.495.000 EUR
200 ㎡,217 ㎡,3.0,2.0,Norte,Campanet,1.090.000 EUR
568 ㎡,"1,24 ㏊",2.0,2.0,Sureste,Santanyí,3.900.000 EUR
174 ㎡,128 ㎡,3.0,2.0,Palma,Son Espanyolet,2.250.000 EUR
190 ㎡,132 ㎡,3.0,2.0,Palma,Son Espanyolet,2.600.000 EUR
58 ㎡,,2.0,1.0,Palma,Palma Catedral - Casco Antiguo,575.000 EUR
58 ㎡,,1.0,1.0,Palma,Santa Catalina,490.000 EUR
140 ㎡,,4.0,2.0,Sur,Arenal,540.000 EUR
511 ㎡,292 ㎡,8.0,9.0,Oeste,Estellencs,2.600.000 EUR
140 ㎡,,3.0,2.0,Sur,Arenal,590.000 EUR
123 ㎡,,4.0,2.0,Palma,Palma City Centre,645.000 EUR
170 ㎡,,3.0,2.0,Palma,Palma Catedral - Casco Antiguo,1.495.000 EUR
315 ㎡,1.827 ㎡,4.0,3.0,Noreste,Canyamel,1.290.000 EUR
97 ㎡,1.862 ㎡,2.0,2.0,Sur,Llucmajor,625.000 EUR
92 ㎡,,2.0,2.0,Suroeste,Port Andratx,1.580.000 EUR
464 ㎡,1.200 ㎡,5.0,6.0,Suroeste,Portals,10.900.000 EUR
642 ㎡,"2,84 ㏊",7.0,7.0,Central,Santa María,A Consultar
212 ㎡,178 ㎡,4.0,4.0,Oeste,Deià,1.900.000 EUR
164 ㎡,,2.0,2.0,Palma,Palma Catedral - Casco Antiguo,3.800.000 EUR
73 ㎡,,1.0,1.0,Suroeste,Cas Catalá,575.000 EUR
430 ㎡,,5.0,2.0,Oeste,Sóller,1.425.000 EUR
265 ㎡,1.125 ㎡,3.0,3.0,Suroeste,Paguera,2.850.000 EUR
280 ㎡,3.267 ㎡,3.0,2.0,Central,Moscari,995.000 EUR
187 ㎡,,3.0,2.0,Palma,Palma Catedral - Casco Antiguo,3.950.000 EUR
120 ㎡,,3.0,3.0,Palma,Palma Catedral - Casco Antiguo,2.600.000 EUR
,612 ㎡,,,Norte,Puerto Alcudia - Alcanada,2.400.000 EUR
595 ㎡,"1,93 ㏊",5.0,5.0,Sureste,Cas Concos,4.500.000 EUR
144 ㎡,320 ㎡,3.0,3.0,Sur,Las Palmeras,859.000 EUR
143 ㎡,,3.0,2.0,Son Vida & Palma Alrededores,Palma Golf,1.250.000 EUR
2.814 ㎡,,6.0,3.0,Oeste,Deià,13.500.000 EUR
520 ㎡,,10.0,,Norte,Sa Pobla,2.500.000 EUR
666 ㎡,"6,82 ㏊",13.0,9.0,Noreste,Manacor,9.500.000 EUR
123 ㎡,,2.0,2.0,Suroeste,Cala Vinyes,650.000 EUR
259 ㎡,1.320 ㎡,4.0,4.0,Norte,Alcudia - Bonaire,2.795.000 EUR
500 ㎡,3 ㏊,5.0,4.0,Noreste,Manacor,3.975.000 EUR
126 ㎡,8.392 ㎡,3.0,2.0,Sur,Llucmajor,699.000 EUR
135 ㎡,,3.0,2.0,Palma,Palma Catedral - Casco Antiguo,895.000 EUR
310 ㎡,429 ㎡,4.0,3.0,Central,Consell,1.650.000 EUR
215 ㎡,"2,13 ㏊",4.0,3.0,Noreste,Manacor,1.290.000 EUR
130 ㎡,8.900 ㎡,3.0,2.0,Central,Costitx,680.000 EUR
400 ㎡,4.614 ㎡,3.0,3.0,Central,Costitx,1.480.000 EUR
130 ㎡,,3.0,4.0,Palma,Son Espanyolet,1.320.000 EUR
218 ㎡,480 ㎡,4.0,4.0,Noreste,Cala Ratjada,2.300.000 EUR
664 ㎡,1.718 ㎡,5.0,5.0,Suroeste,Sol de Mallorca,6.950.000 EUR
,"6,86 ㏊",,,Sureste,Campos,875.000 EUR
,"8,25 ㏊",,,Sureste,Campos,895.000 EUR
,"4,96 ㏊",,,Sureste,Campos,875.000 EUR
307 ㎡,720 ㎡,5.0,5.0,Sur,Cala Blava,1.295.000 EUR
202 ㎡,707 ㎡,5.0,2.0,Noreste,Cala Ratjada,1.350.000 EUR
216 ㎡,7.711 ㎡,4.0,4.0,Central,Sencelles,1.495.000 EUR
86 ㎡,,2.0,2.0,Palma,Palma Catedral - Casco Antiguo,595.000 EUR
718 ㎡,"1,6 ㏊",5.0,5.0,Central,Montuiri,5.900.000 EUR
234 ㎡,3.432 ㎡,3.0,3.0,Central,Alaró,1.995.000 EUR
423 ㎡,1.655 ㎡,4.0,3.0,Central,Sencelles,1.300.000 EUR
112 ㎡,,2.0,1.0,Palma,Palma Catedral - Casco Antiguo,595.000 EUR
167 ㎡,,3.0,2.0,Palma,Palma Catedral - Casco Antiguo,1.395.000 EUR
139 ㎡,254 ㎡,3.0,2.0,Central,Santa María,550.000 EUR
147 ㎡,2.723 ㎡,3.0,2.0,Central,Santa Eugenia,897.000 EUR
116 ㎡,,3.0,2.0,Son Vida & Palma Alrededores,Puigpunyent & Galilea,435.000 EUR
48 ㎡,,1.0,1.0,Palma,Palma Catedral - Casco Antiguo,385.000 EUR
544 ㎡,7.614 ㎡,5.0,5.0,Central,Puntiró,4.495.000 EUR
,450 ㎡,,,Central,Santa Eugenia,520.000 EUR
454 ㎡,6 ㏊,4.0,5.0,Suroeste,Port Andratx,4.500.000 EUR
104 ㎡,,3.0,2.0,Suroeste,Santa Ponsa,799.000 EUR
331 ㎡,11.998 ㎡,5.0,3.0,Central,Sencelles,1.200.000 EUR
44 ㎡,,2.0,1.0,Palma,El Terreno,355.000 EUR
131 ㎡,,2.0,2.0,Suroeste,Port Andratx,1.950.000 EUR
430 ㎡,824 ㎡,4.0,3.0,Central,Sa Cabaneta,1.190.000 EUR
485 ㎡,544 ㎡,5.0,3.0,Norte,Sa Pobla,849.000 EUR
961 ㎡,"2,66 ㏊",6.0,6.0,Norte,Puerto Alcudia - Alcanada,3.650.000 EUR
133 ㎡,,2.0,2.0,Palma,Paseo Marítimo,1.050.000 EUR
544 ㎡,"1,72 ㏊",5.0,5.0,Central,Maria de la Salut,3.900.000 EUR
300 ㎡,,5.0,4.0,Sureste,Sa Rapita,1.295.000 EUR
,"2,2 ㏊",,,Norte,Can Picafort,395.000 EUR
89 ㎡,,2.0,2.0,Noreste,Capdepera,645.000 EUR
,2.700 ㎡,,,Sur,Cala Blava,1.950.000 EUR
599 ㎡,"4,08 ㏊",4.0,4.0,Central,Santa María,15.000.000 EUR
98 ㎡,,2.0,2.0,Noreste,Capdepera,625.000 EUR
506 ㎡,1.034 ㎡,4.0,4.0,Suroeste,Bendinat,7.200.000 EUR
89 ㎡,,2.0,2.0,Noreste,Capdepera,475.000 EUR
144 ㎡,,3.0,3.0,Palma,Santa Catalina,850.000 EUR
410 ㎡,1.066 ㎡,5.0,5.0,Suroeste,Port Andratx,6.750.000 EUR
233 ㎡,1.400 ㎡,4.0,4.0,Suroeste,Cala Vinyes,3.250.000 EUR
240 ㎡,812 ㎡,4.0,3.0,Sur,Cala Pi,3.150.000 EUR
111 ㎡,,1.0,1.0,Palma,Palma Catedral - Casco Antiguo,1.350.000 EUR
574 ㎡,759 ㎡,5.0,5.0,Sur,Puig de Ros,3.600.000 EUR
86 ㎡,,3.0,2.0,Norte,Puerto Alcudia,550.000 EUR
79 ㎡,,3.0,2.0,Suroeste,Port Andratx,1.465.000 EUR
421 ㎡,"3,3 ㏊",5.0,5.0,Noreste,Son Servera,3.650.000 EUR
650 ㎡,1.100 ㎡,4.0,4.0,Suroeste,Santa Ponsa,9.850.000 EUR
232 ㎡,114 ㎡,3.0,3.0,Sureste,Portocolom,1.980.000 EUR
200 ㎡,5.897 ㎡,5.0,3.0,Norte,Puerto Pollensa,1.200.000 EUR
240 ㎡,,3.0,5.0,Palma,Son Armadams,4.200.000 EUR
417 ㎡,1.196 ㎡,5.0,5.0,Suroeste,Costa d'en Blanes,6.950.000 EUR
78 ㎡,,3.0,2.0,Palma,Playa de Palma & Arenal,515.000 EUR
208 ㎡,1.098 ㎡,4.0,3.0,Suroeste,Santa Ponsa,3.250.000 EUR
,1.889 ㎡,,,Suroeste,Portals,6.000.000 EUR
399 ㎡,1.214 ㎡,6.0,6.0,Suroeste,Bendinat,11.900.000 EUR
,"2,13 ㏊",,,Sureste,Campos,875.000 EUR
,1.250 ㎡,,,Suroeste,Andratx,7.850.000 EUR
445 ㎡,1.084 ㎡,5.0,5.0,Suroeste,Portals,5.250.000 EUR
920 ㎡,4.805 ㎡,5.0,5.0,Suroeste,Santa Ponsa,19.950.000 EUR
201 ㎡,172 ㎡,3.0,2.0,Central,Caimari,1.250.000 EUR
316 ㎡,792 ㎡,3.0,3.0,Suroeste,Port Adriano,3.950.000 EUR
222 ㎡,243 ㎡,4.0,2.0,Norte,Muro,1.650.000 EUR
400 ㎡,"2,69 ㏊",5.0,6.0,Norte,Pollensa,5.500.000 EUR
177 ㎡,177 ㎡,5.0,2.0,Oeste,Valldemossa,910.000 EUR
190 ㎡,,5.0,4.0,Palma,Paseo Marítimo,1.595.000 EUR
110 ㎡,590 ㎡,2.0,2.0,Noreste,Betlem,1.295.000 EUR
800 ㎡,2.040 ㎡,5.0,5.0,Son Vida & Palma Alrededores,Son Vida,7.000.000 EUR
188 ㎡,346 ㎡,3.0,3.0,Oeste,Port des Canonge,1.185.000 EUR
670 ㎡,1.157 ㎡,5.0,5.0,Suroeste,Costa d'en Blanes,7.950.000 EUR
304 ㎡,1.264 ㎡,5.0,5.0,Noreste,Costa de Los Pinos,2.980.000 EUR
176 ㎡,,3.0,3.0,Suroeste,Port Andratx,3.190.000 EUR
190 ㎡,1.450 ㎡,4.0,2.0,Noreste,Porto Cristo Novo,2.690.000 EUR
600 ㎡,2.000 ㎡,4.0,4.0,Son Vida & Palma Alrededores,Son Vida,4.900.000 EUR
667 ㎡,"1,35 ㏊",5.0,5.0,Central,Santa María,3.000.000 EUR
101 ㎡,,3.0,2.0,Noreste,Canyamel,740.000 EUR
496 ㎡,"4,01 ㏊",5.0,6.0,Central,Sencelles,3.500.000 EUR
83 ㎡,,2.0,2.0,Suroeste,Santa Ponsa,690.000 EUR
425 ㎡,1.937 ㎡,4.0,6.0,Central,Sa Coma - Bunyola,1.950.000 EUR
151 ㎡,327 ㎡,4.0,3.0,Norte,Puerto Alcudia - Alcanada,950.000 EUR
,"4,42 ㏊",,,Central,Bunyola,890.000 EUR
114 ㎡,57 ㎡,2.0,2.0,Central,Selva,430.000 EUR
182 ㎡,6.582 ㎡,4.0,3.0,Norte,Puerto Alcudia - Alcanada,1.495.000 EUR
377 ㎡,840 ㎡,4.0,3.0,Suroeste,Cas Catalá,4.950.000 EUR
280 ㎡,258 ㎡,4.0,2.0,Central,Algaida,900.000 EUR
175 ㎡,9.000 ㎡,5.0,3.0,Sureste,Campos,2.350.000 EUR
1.407 ㎡,"19,97 ㏊",5.0,5.0,Central,Sineu,3.150.000 EUR
342 ㎡,1.826 ㎡,3.0,2.0,Central,Sa Coma - Bunyola,2.600.000 EUR
,1.826 ㎡,,,Central,Sa Coma - Bunyola,715.000 EUR
221 ㎡,"1,56 ㏊",3.0,3.0,Sureste,Felanitx,2.300.000 EUR
170 ㎡,70 ㎡,2.0,2.0,Norte,Alcudia,550.000 EUR
103 ㎡,,3.0,2.0,Suroeste,Santa Ponsa,1.850.000 EUR
160 ㎡,,3.0,3.0,Palma,Portixol & Molinar,1.795.000 EUR
107 ㎡,91 ㎡,3.0,2.0,Central,Petra,550.000 EUR
352 ㎡,935 ㎡,4.0,4.0,Son Vida & Palma Alrededores,Establiments,1.050.000 EUR
160 ㎡,195 ㎡,3.0,2.0,Palma,Genova,2.995.000 EUR
147 ㎡,,4.0,2.0,Palma,Paseo Marítimo,980.000 EUR
217 ㎡,402 ㎡,4.0,3.0,Noreste,Colonia de St. Pere,2.300.000 EUR
186 ㎡,785 ㎡,3.0,3.0,Noreste,Colonia de St. Pere,1.890.000 EUR
626 ㎡,1.775 ㎡,5.0,3.0,Palma,Genova,3.200.000 EUR
350 ㎡,674 ㎡,3.0,2.0,Central,Sa Cabaneta,2.800.000 EUR
581 ㎡,2.014 ㎡,5.0,6.0,Norte,Pollensa,A Consultar
329 ㎡,"2,81 ㏊",4.0,5.0,Norte,Campanet,A Consultar
68 ㎡,3.500 ㎡,2.0,2.0,Norte,Campanet,695.000 EUR
281 ㎡,1.060 ㎡,4.0,3.0,Sur,Sa Torre,2.300.000 EUR
137 ㎡,,3.0,2.0,Palma,Palma Catedral - Casco Antiguo,1.790.000 EUR
400 ㎡,25 ㏊,7.0,2.0,Norte,Escorca,1.495.000 EUR
388 ㎡,595 ㎡,4.0,4.0,Palma,Sa Teulera,1.950.000 EUR
424 ㎡,2.007 ㎡,4.0,3.0,Central,Son Gual,2.420.000 EUR
183 ㎡,,3.0,3.0,Suroeste,Bendinat,1.998.000 EUR
,286 ㎡,,,Sureste,Alquería Blanca,240.000 EUR
825 ㎡,2.230 ㎡,5.0,6.0,Son Vida & Palma Alrededores,Son Vida,6.900.000 EUR
48 ㎡,,1.0,1.0,Palma,Palma Catedral - Casco Antiguo,385.000 EUR
81 ㎡,,2.0,2.0,Palma,Palma Catedral - Casco Antiguo,1.100.000 EUR
47 ㎡,,1.0,1.0,Palma,Palma Catedral - Casco Antiguo,385.000 EUR
312 ㎡,1.013 ㎡,5.0,4.0,Noreste,Port Verd,1.450.000 EUR
423 ㎡,390 ㎡,4.0,4.0,Sureste,Felanitx,1.925.000 EUR
234 ㎡,910 ㎡,4.0,3.0,Noreste,Font de Sa Cala,1.950.000 EUR
610 ㎡,"12,05 ㏊",5.0,4.0,Norte,Pollensa,6.995.000 EUR
180 ㎡,"1,84 ㏊",5.0,4.0,Noreste,Manacor,2.395.000 EUR
97 ㎡,,3.0,2.0,Norte,Puerto Alcudia,980.000 EUR
642 ㎡,"1,85 ㏊",10.0,10.0,Sur,Llucmajor,2.900.000 EUR
310 ㎡,,3.0,2.0,Palma,Palma Catedral - Casco Antiguo,2.995.000 EUR
66 ㎡,,2.0,1.0,Palma,Palma Catedral - Casco Antiguo,495.000 EUR
450 ㎡,12 ㏊,5.0,4.0,Norte,Pollensa,2.995.000 EUR
495 ㎡,"8,08 ㏊",7.0,6.0,Central,Alaró,A Consultar
195 ㎡,170 ㎡,8.0,3.0,Palma,Playa de Palma & Arenal,960.000 EUR
222 ㎡,478 ㎡,4.0,4.0,Central,Llubí,1.575.000 EUR
575 ㎡,"4,72 ㏊",4.0,5.0,Central,Binissalem,7.995.000 EUR
143 ㎡,,3.0,2.0,Suroeste,Bendinat,1.250.000 EUR
112 ㎡,,2.0,2.0,Suroeste,Santa Ponsa,775.000 EUR
,"4,72 ㏊",,,Central,Binissalem,2.500.000 EUR
127 ㎡,,2.0,2.0,Palma,Palma Catedral - Casco Antiguo,895.000 EUR
210 ㎡,"1,41 ㏊",4.0,4.0,Noreste,San Lorenzo,2.490.000 EUR
438 ㎡,226 ㎡,4.0,4.0,Central,Caimari,995.000 EUR
321 ㎡,478 ㎡,4.0,3.0,Central,Mancor del Valle,1.970.000 EUR
215 ㎡,1.184 ㎡,3.0,3.0,Norte,Campanet,1.795.000 EUR
,"1,88 ㏊",,,Sur,Llucmajor,465.000 EUR
214 ㎡,"2,12 ㏊",4.0,2.0,Norte,Muro,1.485.000 EUR
315 ㎡,,1.0,3.0,Suroeste,Port Andratx,3.150.000 EUR
62 ㎡,,2.0,2.0,Palma,Playa de Palma & Arenal,429.000 EUR
190 ㎡,366 ㎡,4.0,3.0,Sur,Puig de Ros,1.500.000 EUR
93 ㎡,,4.0,3.0,Norte,Pollensa,495.000 EUR
168 ㎡,,4.0,2.0,Suroeste,Cas Catalá,1.450.000 EUR
640 ㎡,1.310 ㎡,4.0,5.0,Suroeste,Santa Ponsa,7.950.000 EUR
358 ㎡,"1,78 ㏊",4.0,4.0,Sureste,Sa Rapita,2.900.000 EUR
230 ㎡,"1,64 ㏊",3.0,2.0,Sureste,Sa Rapita,2.700.000 EUR
87 ㎡,,2.0,2.0,Suroeste,Cala Fornells,649.000 EUR
223 ㎡,127 ㎡,4.0,4.0,Norte,Pollensa,1.280.000 EUR
478 ㎡,1.070 ㎡,4.0,5.0,Suroeste,Costa d'en Blanes,7.500.000 EUR
130 ㎡,,3.0,3.0,Suroeste,Santa Ponsa,1.625.000 EUR
100 ㎡,,3.0,1.0,Palma,Portixol & Molinar,645.000 EUR
407 ㎡,1.952 ㎡,4.0,3.0,Noreste,Costa de Los Pinos,2.950.000 EUR
455 ㎡,2.635 ㎡,4.0,3.0,Son Vida & Palma Alrededores,Son Vida,6.300.000 EUR
230 ㎡,215 ㎡,5.0,3.0,Norte,Pollensa,1.150.000 EUR
631 ㎡,776 ㎡,7.0,6.0,Son Vida & Palma Alrededores,Palma Golf,3.250.000 EUR
902 ㎡,2.316 ㎡,6.0,6.0,Oeste,Deià,A Consultar
115 ㎡,105 ㎡,2.0,2.0,Norte,Pollensa,895.000 EUR
271 ㎡,2.902 ㎡,4.0,2.0,Norte,Pollensa,750.000 EUR
138 ㎡,"25,02 ㏊",3.0,3.0,Noreste,Colonia de St. Pere,1.000.000 EUR
730 ㎡,"4,41 ㏊",4.0,4.0,Sureste,Campos,4.290.000 EUR
156 ㎡,389 ㎡,3.0,3.0,Norte,Puerto Alcudia - Alcanada,1.900.000 EUR
880 ㎡,"1,47 ㏊",7.0,7.0,Sureste,Portopetro,3.000.000 EUR
,"8,96 ㏊",,,Central,Sencelles,2.100.000 EUR
596 ㎡,"1,81 ㏊",6.0,10.0,Sureste,Santanyí,A Consultar
183 ㎡,"20,31 ㏊",4.0,4.0,Noreste,Colonia de St. Pere,1.250.000 EUR
182 ㎡,77 ㎡,4.0,2.0,Norte,Pollensa,735.000 EUR
306 ㎡,536 ㎡,4.0,3.0,Central,Algaida,2.100.000 EUR
176 ㎡,,4.0,3.0,Noreste,Son Carrio,698.250 EUR
211 ㎡,207 ㎡,3.0,2.0,Central,Binissalem,1.390.000 EUR
90 ㎡,,2.0,2.0,Palma,Palma Catedral - Casco Antiguo,695.000 EUR
257 ㎡,990 ㎡,4.0,4.0,Noreste,Font de Sa Cala,4.150.000 EUR
373 ㎡,312 ㎡,5.0,6.0,Norte,Campanet,1.850.000 EUR
294 ㎡,"1,56 ㏊",4.0,3.0,Central,Sineu,1.700.000 EUR
360 ㎡,"1,6 ㏊",3.0,3.0,Suroeste,Capdella,6.600.000 EUR
157 ㎡,315 ㎡,3.0,3.0,Sur,Puig de Ros,1.150.000 EUR
363 ㎡,"2,94 ㏊",2.0,2.0,Sureste,Campos,1.150.000 EUR
512 ㎡,"1,57 ㏊",6.0,6.0,Sureste,Santanyí,3.900.000 EUR
107 ㎡,,4.0,3.0,Norte,Puerto Alcudia,675.000 EUR
170 ㎡,"1,84 ㏊",4.0,3.0,Norte,Muro,1.300.000 EUR
708 ㎡,1.366 ㎡,8.0,6.0,Noreste,Cala Ratjada,2.495.000 EUR
500 ㎡,"1,49 ㏊",4.0,6.0,Norte,Alcudia,4.200.000 EUR
254 ㎡,230 ㎡,4.0,3.0,Sureste,Campos,1.490.000 EUR
1.538 ㎡,4.200 ㎡,11.0,10.0,Central,Alaró,A Consultar
272 ㎡,430 ㎡,4.0,3.0,Norte,Puerto Alcudia - Alcanada,1.790.000 EUR
181 ㎡,,2.0,1.0,Norte,Alcudia,695.000 EUR
282 ㎡,1.439 ㎡,4.0,4.0,Suroeste,Bendinat,4.200.000 EUR
398 ㎡,"2,07 ㏊",4.0,5.0,Central,Llubí,2.500.000 EUR
270 ㎡,730 ㎡,4.0,4.0,Noreste,Cala Ratjada,1.600.000 EUR
498 ㎡,"2,6 ㏊",5.0,5.0,Sureste,Felanitx,3.500.000 EUR
589 ㎡,970 ㎡,4.0,4.0,Suroeste,Costa d'en Blanes,8.900.000 EUR
361 ㎡,172 ㎡,4.0,3.0,Sur,Llucmajor,800.000 EUR
590 ㎡,976 ㎡,4.0,4.0,Suroeste,Costa d'en Blanes,9.500.000 EUR
76 ㎡,,2.0,2.0,Suroeste,Portals,1.200.000 EUR
119 ㎡,,2.0,3.0,Palma,Palma Catedral - Casco Antiguo,1.800.000 EUR
245 ㎡,"2,99 ㏊",4.0,3.0,Suroeste,Andratx,4.500.000 EUR
878 ㎡,"1,57 ㏊",6.0,6.0,Sureste,Cala Llombards,6.500.000 EUR
,"2,65 ㏊",,,Norte,Santa Margalida,495.000 EUR
33 ㎡,,1.0,1.0,Palma,Palma Catedral - Casco Antiguo,280.000 EUR
1.065 ㎡,2.500 ㎡,6.0,8.0,Suroeste,Costa d'en Blanes,25.000.000 EUR
423 ㎡,729 ㎡,5.0,7.0,Sureste,Alquería Blanca,A Consultar
245 ㎡,"1,81 ㏊",5.0,3.0,Norte,Alcudia,1.750.000 EUR
131 ㎡,109 ㎡,3.0,2.0,Norte,Pollensa,1.350.000 EUR
120 ㎡,55 ㎡,2.0,2.0,Noreste,Capdepera,780.000 EUR
148 ㎡,,4.0,4.0,Suroeste,Cas Catalá,1.495.000 EUR
260 ㎡,240 ㎡,4.0,3.0,Sureste,Felanitx,1.600.000 EUR
86 ㎡,,3.0,2.0,Palma,Es Forti,595.000 EUR
649 ㎡,1.188 ㎡,11.0,6.0,Oeste,Sóller,2.700.000 EUR
329 ㎡,1.030 ㎡,5.0,4.0,Suroeste,Santa Ponsa,4.200.000 EUR
848 ㎡,"5,03 ㏊",4.0,4.0,Sureste,Son Macia,A Consultar
490 ㎡,3 ㏊,5.0,4.0,Noreste,San Lorenzo,6.900.000 EUR
140 ㎡,146 ㎡,2.0,2.0,Noreste,Capdepera,750.000 EUR
352 ㎡,"4,28 ㏊",5.0,4.0,Norte,Puerto Alcudia,1.600.000 EUR
154 ㎡,1.127 ㎡,3.0,2.0,Noreste,Costa de Los Pinos,1.690.000 EUR
218 ㎡,7.963 ㎡,4.0,3.0,Suroeste,S'Arraco,2.400.000 EUR
595 ㎡,"1,42 ㏊",4.0,2.0,Central,Santa María,5.500.000 EUR
144 ㎡,260 ㎡,3.0,3.0,Norte,Campanet,1.100.000 EUR
107 ㎡,315 ㎡,3.0,2.0,Norte,Puerto Alcudia,790.000 EUR
436 ㎡,"1,42 ㏊",6.0,5.0,Sureste,Campos,3.650.000 EUR
90 ㎡,,2.0,2.0,Palma,San Agustin,1.150.000 EUR
158 ㎡,139 ㎡,3.0,2.0,Central,San Juan,597.500 EUR
58 ㎡,,2.0,1.0,Norte,Puerto Alcudia - Alcanada,460.000 EUR
622 ㎡,7.904 ㎡,6.0,5.0,Central,Puntiró,5.950.000 EUR
622 ㎡,7.904 ㎡,6.0,5.0,Central,Puntiró,5.950.000 EUR
690 ㎡,1.113 ㎡,5.0,6.0,Suroeste,Port Andratx,13.500.000 EUR
251 ㎡,"9,03 ㏊",3.0,2.0,Norte,Pollensa,1.300.000 EUR
118 ㎡,371 ㎡,3.0,2.0,Sureste,Colonia de Sant Jordi,1.350.000 EUR
155 ㎡,300 ㎡,4.0,3.0,Sur,Puig de Ros,899.000 EUR
,"3,5 ㏊",,,Sureste,Alquería Blanca,1.400.000 EUR
143 ㎡,83 ㎡,2.0,2.0,Central,Alaró,619.000 EUR
341 ㎡,"1,68 ㏊",3.0,2.0,Central,Sineu,1.580.000 EUR
75 ㎡,,2.0,2.0,Noreste,Canyamel,500.000 EUR
387 ㎡,5.043 ㎡,5.0,4.0,Central,Bunyola,1.350.000 EUR
368 ㎡,"1,81 ㏊",4.0,4.0,Norte,Pollensa,3.475.000 EUR
75 ㎡,,2.0,2.0,Noreste,Canyamel,585.000 EUR
315 ㎡,1.003 ㎡,4.0,3.0,Son Vida & Palma Alrededores,Palmanyola,3.400.000 EUR
375 ㎡,"3,43 ㏊",6.0,6.0,Central,Caimari,2.250.000 EUR
217 ㎡,705 ㎡,3.0,3.0,Sur,Cala Blava,1.550.000 EUR
68 ㎡,,2.0,1.0,Noreste,Canyamel,436.000 EUR
145 ㎡,,2.0,2.0,Palma,Palma Catedral - Casco Antiguo,2.300.000 EUR
219 ㎡,,3.0,2.0,Palma,Son Armadams,760.000 EUR
85 ㎡,,2.0,2.0,Palma,Palma Catedral - Casco Antiguo,1.690.000 EUR
490 ㎡,525 ㎡,4.0,4.0,Sur,Llucmajor,1.795.000 EUR
190 ㎡,,3.0,2.0,Palma,Palma City Centre,1.790.000 EUR
,2.076 ㎡,,,Son Vida & Palma Alrededores,Son Vida,4.600.000 EUR
711 ㎡,2.185 ㎡,6.0,5.0,Sur,Las Palmeras,2.250.000 EUR
148 ㎡,2.015 ㎡,3.0,3.0,Central,Montuiri,589.000 EUR
85 ㎡,,3.0,2.0,Palma,Portixol & Molinar,495.000 EUR
257 ㎡,1.374 ㎡,3.0,2.0,Sureste,Santanyí,2.900.000 EUR
192 ㎡,,3.0,3.0,Suroeste,Andratx,2.890.000 EUR
478 ㎡,"1,56 ㏊",5.0,5.0,Sureste,Santanyí,4.950.000 EUR
479 ㎡,1.168 ㎡,5.0,5.0,Suroeste,Port Andratx,11.500.000 EUR
120 ㎡,60 ㎡,2.0,2.0,Noreste,Artá,580.000 EUR
1.743 ㎡,"75,91 ㏊",9.0,2.0,Central,Lloret de Vista Alegre,2.710.000 EUR
380 ㎡,992 ㎡,4.0,2.0,Sur,Cala Pi,2.900.000 EUR
230 ㎡,"1,59 ㏊",5.0,3.0,Suroeste,Calvià,2.170.000 EUR
613 ㎡,1.117 ㎡,4.0,4.0,Suroeste,Santa Ponsa,5.500.000 EUR
353 ㎡,"1,47 ㏊",4.0,4.0,Noreste,Manacor,2.975.000 EUR
101 ㎡,,3.0,2.0,Son Vida & Palma Alrededores,Palma Golf,1.075.000 EUR
345 ㎡,1.388 ㎡,3.0,3.0,Noreste,Costa de Los Pinos,2.980.000 EUR
445 ㎡,1.302 ㎡,4.0,5.0,Suroeste,Santa Ponsa,6.900.000 EUR
398 ㎡,1.313 ㎡,5.0,5.0,Suroeste,Santa Ponsa,5.950.000 EUR
266 ㎡,839 ㎡,4.0,5.0,Noreste,Betlem,2.950.000 EUR
550 ㎡,387 ㎡,5.0,2.0,Central,Binissalem,1.980.000 EUR
313 ㎡,"1,62 ㏊",4.0,3.0,Central,Algaida,1.875.000 EUR
430 ㎡,1.361 ㎡,4.0,4.0,Suroeste,Santa Ponsa,6.950.000 EUR
104 ㎡,3.577 ㎡,4.0,3.0,Norte,Campanet,695.000 EUR
305 ㎡,"2,79 ㏊",4.0,4.0,Sureste,Campos,2.600.000 EUR
403 ㎡,1.260 ㎡,5.0,5.0,Suroeste,Bendinat,4.950.000 EUR
,1.032 ㎡,,,Sureste,Cala d'Or,1.800.000 EUR
,1.000 ㎡,,,Sureste,Cala d'Or,1.500.000 EUR
336 ㎡,"1,68 ㏊",4.0,4.0,Noreste,Porto Cristo Novo,A Consultar
63 ㎡,,2.0,1.0,Palma,El Terreno,537.000 EUR
243 ㎡,,4.0,4.0,Palma,Palma Catedral - Casco Antiguo,3.950.000 EUR
210 ㎡,,3.0,3.0,Palma,Palma Catedral - Casco Antiguo,2.100.000 EUR
159 ㎡,,3.0,3.0,Palma,Palma Catedral - Casco Antiguo,1.750.000 EUR
53 ㎡,,1.0,1.0,Palma,Palma Catedral - Casco Antiguo,380.000 EUR
323 ㎡,,4.0,4.0,Palma,Palma Catedral - Casco Antiguo,3.100.000 EUR
500 ㎡,1.100 ㎡,5.0,5.0,Suroeste,Port Andratx,6.100.000 EUR
236 ㎡,532 ㎡,4.0,5.0,Norte,Cala San Vicente,1.350.000 EUR
870 ㎡,2.003 ㎡,5.0,7.0,Son Vida & Palma Alrededores,Son Vida,11.500.000 EUR
677 ㎡,1.000 ㎡,4.0,5.0,Son Vida & Palma Alrededores,Son Vida,5.500.000 EUR
150 ㎡,129 ㎡,3.0,2.0,Son Vida & Palma Alrededores,Esporles,795.000 EUR
,"1,52 ㏊",,,Central,Sencelles,649.000 EUR
222 ㎡,"1,52 ㏊",3.0,1.0,Central,Sencelles,649.000 EUR
,1.523 ㎡,,,Noreste,Canyamel,270.000 EUR
4.599 ㎡,"207,07 ㏊",8.0,10.0,Sureste,Porreres,A Consultar
279 ㎡,1.276 ㎡,4.0,3.0,Central,Sa Cabaneta,1.390.000 EUR
1.760 ㎡,"2,48 ㏊",11.0,8.0,Sureste,Cas Concos,11.950.000 EUR
382 ㎡,"1,51 ㏊",4.0,4.0,Sureste,Portocolom,3.250.000 EUR
95 ㎡,,2.0,2.0,Suroeste,Portals,1.325.000 EUR
400 ㎡,8.261 ㎡,8.0,6.0,Central,Binissalem,3.900.000 EUR
,"1,5 ㏊",,,Noreste,San Lorenzo,350.000 EUR
928 ㎡,"34,3 ㏊",7.0,4.0,Noreste,Capdepera,5.500.000 EUR
176 ㎡,2.075 ㎡,3.0,3.0,Noreste,Manacor,2.200.000 EUR
681 ㎡,"9,17 ㏊",,,Oeste,Deià,3.900.000 EUR
,540 ㎡,,,Sureste,Felanitx,385.000 EUR
,238 ㎡,,,Central,Caimari,360.000 EUR
323 ㎡,175 ㎡,6.0,7.0,Central,Biniamar,1.250.000 EUR
496 ㎡,1.500 ㎡,4.0,3.0,Sureste,Cala d'Or,4.200.000 EUR
237 ㎡,620 ㎡,3.0,3.0,Sur,Bahía Grande / Bahía Azul,1.800.000 EUR
351 ㎡,1.550 ㎡,5.0,3.0,Central,Sa Cabaneta,1.690.000 EUR
714 ㎡,4.545 ㎡,7.0,7.0,Noreste,Canyamel,7.500.000 EUR
490 ㎡,"1,42 ㏊",6.0,5.0,Norte,Pollensa,3.375.000 EUR
240 ㎡,1.500 ㎡,4.0,3.0,Sur,Cala Pi,1.450.000 EUR
180 ㎡,"1,47 ㏊",4.0,2.0,Sureste,Ses Covetes,1.950.000 EUR
173 ㎡,383 ㎡,3.0,3.0,Sureste,Santanyí,1.490.000 EUR
110 ㎡,84 ㎡,2.0,2.0,Norte,Pollensa,795.000 EUR
1.017 ㎡,2.226 ㎡,6.0,6.0,Suroeste,Port Andratx,33.000.000 EUR
57 ㎡,,2.0,1.0,Norte,Puerto Alcudia,465.000 EUR
191 ㎡,7.684 ㎡,3.0,3.0,Sur,Llucmajor,1.300.000 EUR
200 ㎡,,3.0,2.0,Sureste,Colonia de Sant Jordi,1.450.000 EUR
428 ㎡,1.100 ㎡,4.0,3.0,Sur,Sa Torre,2.350.000 EUR
300 ㎡,1.464 ㎡,4.0,2.0,Noreste,Canyamel,6.000.000 EUR
100 ㎡,7.291 ㎡,3.0,2.0,Norte,Santa Margalida,685.000 EUR
,"1,45 ㏊",,,Norte,Can Picafort,255.000 EUR
,"1,45 ㏊",,,Norte,Santa Margalida,275.000 EUR
106 ㎡,,3.0,1.0,Norte,Puerto Alcudia,795.000 EUR
181 ㎡,,3.0,1.0,Norte,Alcudia,695.000 EUR
235 ㎡,378 ㎡,3.0,3.0,Palma,Sa Teulera,1.550.000 EUR
200 ㎡,70 ㎡,4.0,3.0,Noreste,Artá,550.000 EUR
232 ㎡,235 ㎡,3.0,3.0,Sureste,Santanyí,2.500.000 EUR
204 ㎡,"1,5 ㏊",3.0,2.0,Central,Alaró,1.950.000 EUR
135 ㎡,210 ㎡,,,Sureste,Colonia de Sant Jordi,1.600.000 EUR
284 ㎡,551 ㎡,6.0,2.0,Norte,Cala San Vicente,745.000 EUR
146 ㎡,81 ㎡,3.0,2.0,Norte,Campanet,560.000 EUR
136 ㎡,,3.0,2.0,Noreste,Son Servera,795.000 EUR
501 ㎡,1.612 ㎡,5.0,5.0,Suroeste,Santa Ponsa,3.900.000 EUR
135 ㎡,,3.0,2.0,Suroeste,Capdella,1.200.000 EUR
113 ㎡,49 ㎡,2.0,2.0,Oeste,Deià,900.000 EUR
275 ㎡,,3.0,3.0,Palma,Palma Catedral - Casco Antiguo,5.895.000 EUR
170 ㎡,,4.0,3.0,Suroeste,Cas Catalá,1.675.000 EUR
,2.070 ㎡,,,Son Vida & Palma Alrededores,Son Vida,5.800.000 EUR
420 ㎡,"1,69 ㏊",6.0,6.0,Sureste,Calonge,4.600.000 EUR
202 ㎡,400 ㎡,4.0,3.0,Norte,Alcudia - Bonaire,1.795.000 EUR
508 ㎡,4.575 ㎡,4.0,4.0,Central,Alaró,2.495.000 EUR
225 ㎡,"1,42 ㏊",3.0,2.0,Central,Sineu,1.450.000 EUR
387 ㎡,569 ㎡,4.0,5.0,Central,Lloseta,3.700.000 EUR
206 ㎡,,4.0,4.0,Palma,San Agustin,3.200.000 EUR
180 ㎡,,4.0,4.0,Norte,Puerto Pollensa,2.900.000 EUR
223 ㎡,764 ㎡,4.0,3.0,Noreste,Canyamel,1.249.000 EUR
136 ㎡,,2.0,2.0,Palma,Palma Catedral - Casco Antiguo,875.000 EUR
160 ㎡,,4.0,4.0,Suroeste,Cala Major,2.950.000 EUR
138 ㎡,"1,43 ㏊",2.0,2.0,Sur,Llucmajor,850.000 EUR
571 ㎡,1.280 ㎡,6.0,6.0,Sur,Son Veri,14.500.000 EUR
350 ㎡,6.260 ㎡,5.0,5.0,Noreste,Capdepera,1.780.000 EUR
520 ㎡,5.754 ㎡,5.0,7.0,Suroeste,Port Andratx,35.000.000 EUR
323 ㎡,266 ㎡,4.0,4.0,Central,Llubí,1.720.000 EUR
315 ㎡,752 ㎡,3.0,2.0,Central,Sineu,1.590.000 EUR
247 ㎡,825 ㎡,4.0,2.0,Suroeste,Costa d'en Blanes,3.450.000 EUR
389 ㎡,"1,31 ㏊",5.0,6.0,Central,S'Aranjassa,2.950.000 EUR
100 ㎡,,3.0,2.0,Palma,Palma City Centre,650.000 EUR
386 ㎡,7.115 ㎡,4.0,4.0,Sur,Llucmajor,1.650.000 EUR
600 ㎡,1.129 ㎡,5.0,5.0,Suroeste,Cala Vinyes,5.950.000 EUR
326 ㎡,200 ㎡,5.0,3.0,Central,Petra,750.000 EUR
423 ㎡,7.103 ㎡,4.0,4.0,Central,Sencelles,1.750.000 EUR
456 ㎡,"2,52 ㏊",4.0,4.0,Central,Selva,4.600.000 EUR
239 ㎡,205 ㎡,5.0,4.0,Central,Alaró,1.425.000 EUR
,1.300 ㎡,,,Oeste,Valldemossa,590.000 EUR
73 ㎡,,2.0,2.0,Palma,Camp d'en Serralta,580.000 EUR
216 ㎡,176 ㎡,3.0,2.0,Norte,Muro,995.000 EUR
88 ㎡,,2.0,2.0,Palma,Portixol & Molinar,860.000 EUR
181 ㎡,,3.0,4.0,Suroeste,Port Andratx,2.675.000 EUR
,2.185 ㎡,,,Son Vida & Palma Alrededores,Son Vida,3.000.000 EUR
884 ㎡,2.015 ㎡,8.0,8.0,Son Vida & Palma Alrededores,Son Vida,5.950.000 EUR
227 ㎡,,3.0,3.0,Oeste,Sóller,2.655.000 EUR
,966 ㎡,,,Son Vida & Palma Alrededores,Palma Golf,950.000 EUR
390 ㎡,683 ㎡,5.0,5.0,Suroeste,Calvià,2.950.000 EUR
215 ㎡,1.000 ㎡,4.0,4.0,Norte,Alcudia - Bonaire,3.300.000 EUR
383 ㎡,1.360 ㎡,7.0,4.0,Sureste,Portocolom,3.600.000 EUR
190 ㎡,,3.0,3.0,Suroeste,Bendinat,2.950.000 EUR
75 ㎡,,2.0,2.0,Sureste,Sa Rapita,590.000 EUR
480 ㎡,1.200 ㎡,4.0,4.0,Son Vida & Palma Alrededores,Establiments,3.500.000 EUR
137 ㎡,,3.0,3.0,Noreste,Port Verd,950.000 EUR
145 ㎡,420 ㎡,3.0,2.0,Sureste,Cala Llombards,1.290.000 EUR
97 ㎡,,3.0,2.0,Palma,Playa de Palma & Arenal,475.000 EUR
224 ㎡,183 ㎡,4.0,3.0,Noreste,Son Servera,780.000 EUR
375 ㎡,"1,52 ㏊",5.0,5.0,Central,Inca,5.100.000 EUR
376 ㎡,1.166 ㎡,4.0,6.0,Norte,Puerto Alcudia - Alcanada,2.275.000 EUR
181 ㎡,356 ㎡,3.0,3.0,Palma,Portixol & Molinar,2.500.000 EUR
,"2,23 ㏊",,,Central,Sencelles,750.000 EUR
379 ㎡,"2,34 ㏊",5.0,3.0,Central,Binissalem,3.500.000 EUR
376 ㎡,,4.0,4.0,Palma,Playa de Palma & Arenal,2.500.000 EUR
154 ㎡,176 ㎡,2.0,2.0,Noreste,San Lorenzo,450.000 EUR
160 ㎡,6.094 ㎡,3.0,2.0,Norte,Pollensa,1.600.000 EUR
235 ㎡,"1,72 ㏊",4.0,4.0,Sureste,Felanitx,1.500.000 EUR
235 ㎡,"1,68 ㏊",4.0,4.0,Sureste,Felanitx,1.500.000 EUR
106 ㎡,,3.0,2.0,Son Vida & Palma Alrededores,Palma Golf,970.000 EUR
176 ㎡,119 ㎡,3.0,3.0,Sureste,Ses Salines,1.790.000 EUR
163 ㎡,223 ㎡,5.0,3.0,Son Vida & Palma Alrededores,Puigpunyent & Galilea,895.000 EUR
152 ㎡,,3.0,1.0,Oeste,Deià,1.300.000 EUR
173 ㎡,161 ㎡,3.0,3.0,Central,Maria de la Salut,845.000 EUR
205 ㎡,509 ㎡,3.0,3.0,Suroeste,Palmanova,2.300.000 EUR
937 ㎡,"11,38 ㏊",12.0,14.0,Central,Sencelles,A Consultar
275 ㎡,598 ㎡,3.0,3.0,Son Vida & Palma Alrededores,Son Vida,3.300.000 EUR
97 ㎡,,3.0,1.0,Palma,Portixol & Molinar,680.000 EUR
212 ㎡,"1,69 ㏊",3.0,3.0,Sureste,Es Llombards,1.950.000 EUR
266 ㎡,,4.0,4.0,Oeste,Sóller,1.825.000 EUR
110 ㎡,,2.0,2.0,Palma,Palma Catedral - Casco Antiguo,1.200.000 EUR
355 ㎡,872 ㎡,5.0,4.0,Sur,Cala Pi,2.460.000 EUR
302 ㎡,1.276 ㎡,3.0,3.0,Sur,Llucmajor,1.995.000 EUR
77 ㎡,,2.0,1.0,Suroeste,Portals,749.000 EUR
139 ㎡,,3.0,3.0,Palma,Es Forti,860.000 EUR
360 ㎡,485 ㎡,3.0,3.0,Sureste,Santanyí,3.480.000 EUR
333 ㎡,1.936 ㎡,4.0,3.0,Suroeste,Port Andratx,6.500.000 EUR
,"2,13 ㏊",,,Central,Algaida,248.000 EUR
,"2,15 ㏊",,,Central,Algaida,248.000 EUR
250 ㎡,1.049 ㎡,3.0,4.0,Sureste,Cala d'Or,1.739.000 EUR
,"4,81 ㏊",,,Sureste,Cala Santanyi,850.000 EUR
120 ㎡,,3.0,1.0,Oeste,Estellencs,350.000 EUR
548 ㎡,3.445 ㎡,6.0,6.0,Central,Santa María,4.950.000 EUR
137 ㎡,,2.0,2.0,Palma,Palma Catedral - Casco Antiguo,1.175.000 EUR
257 ㎡,,3.0,2.0,Suroeste,Portals,1.525.000 EUR
240 ㎡,706 ㎡,5.0,5.0,Norte,Cala San Vicente,850.000 EUR
148 ㎡,750 ㎡,4.0,5.0,Suroeste,Port Adriano,3.490.000 EUR
,1.006 ㎡,,,Suroeste,Camp de Mar,2.450.000 EUR
203 ㎡,,4.0,4.0,Suroeste,Cas Catalá,2.500.000 EUR
118 ㎡,378 ㎡,4.0,3.0,Norte,Can Picafort,785.000 EUR
,207 ㎡,,,Norte,Muro,192.000 EUR
900 ㎡,2.137 ㎡,6.0,6.0,Son Vida & Palma Alrededores,Son Vida,8.350.000 EUR
191 ㎡,,3.0,4.0,Norte,Puerto Alcudia,965.000 EUR
158 ㎡,1.200 ㎡,6.0,3.0,Norte,Puerto Alcudia - Alcanada,4.300.000 EUR
147 ㎡,,2.0,1.0,Oeste,Deià,780.000 EUR
272 ㎡,991 ㎡,5.0,5.0,Suroeste,Santa Ponsa,3.450.000 EUR
245 ㎡,900 ㎡,4.0,4.0,Suroeste,Santa Ponsa,3.450.000 EUR
224 ㎡,,2.0,2.0,Central,San Juan,449.000 EUR
,7.336 ㎡,,,Central,S'Aranjassa,495.000 EUR
123 ㎡,,2.0,3.0,Suroeste,Santa Ponsa,870.000 EUR
591 ㎡,"1,43 ㏊",4.0,6.0,Central,Selva,4.950.000 EUR
284 ㎡,1.047 ㎡,4.0,4.0,Norte,Sa Pobla,1.650.000 EUR
127 ㎡,,3.0,2.0,Suroeste,Port Andratx,2.980.000 EUR
90 ㎡,,2.0,2.0,Palma,La Bonanova,749.000 EUR
161 ㎡,2.940 ㎡,4.0,3.0,Suroeste,Andratx,1.140.000 EUR
385 ㎡,9.300 ㎡,6.0,3.0,Central,Puntiró,2.250.000 EUR
730 ㎡,1.470 ㎡,4.0,5.0,Suroeste,Santa Ponsa,8.800.000 EUR
336 ㎡,"1,78 ㏊",5.0,5.0,Sureste,Santanyí,2.950.000 EUR
430 ㎡,"1,84 ㏊",9.0,7.0,Sur,Llucmajor,3.900.000 EUR
375 ㎡,251 ㎡,3.0,4.0,Noreste,Artá,1.920.000 EUR
109 ㎡,,2.0,2.0,Palma,Son Armadams,850.000 EUR
,"1,66 ㏊",,,Noreste,Son Carrio,385.000 EUR
34 ㎡,,,1.0,Norte,Puerto Alcudia,210.000 EUR
350 ㎡,226 ㎡,5.0,3.0,Sur,Llucmajor,A Consultar
358 ㎡,"1,43 ㏊",4.0,4.0,Norte,Santa Margalida,3.200.000 EUR
94 ㎡,,3.0,2.0,Oeste,Puerto de Sóller,650.000 EUR
312 ㎡,1.150 ㎡,4.0,4.0,Norte,Alcudia - Bonaire,3.950.000 EUR
110 ㎡,,3.0,2.0,Suroeste,Palmanova,755.000 EUR
93 ㎡,,3.0,2.0,Suroeste,Palmanova,775.000 EUR
98 ㎡,,2.0,2.0,Suroeste,Palmanova,606.000 EUR
98 ㎡,,2.0,2.0,Suroeste,Palmanova,686.000 EUR
115 ㎡,,3.0,2.0,Suroeste,Palmanova,836.000 EUR
289 ㎡,7.000 ㎡,4.0,3.0,Noreste,Canyamel,1.790.000 EUR
,"4,24 ㏊",,,Central,Maria de la Salut,320.000 EUR
95 ㎡,,2.0,2.0,Palma,Palma Catedral - Casco Antiguo,695.000 EUR
,"1,43 ㏊",,,Central,Llubí,320.000 EUR
850 ㎡,2.137 ㎡,5.0,5.0,Son Vida & Palma Alrededores,Son Vida,8.500.000 EUR
350 ㎡,"3,5 ㏊",6.0,5.0,Oeste,Port des Canonge,1.600.000 EUR
373 ㎡,1.586 ㎡,5.0,3.0,Noreste,Costa de Los Pinos,1.950.000 EUR
523 ㎡,"70,98 ㏊",9.0,6.0,Noreste,Artá,A Consultar
387 ㎡,1.308 ㎡,4.0,3.0,Suroeste,Port Andratx,4.950.000 EUR
110 ㎡,,2.0,2.0,Palma,Santa Catalina,1.290.000 EUR
,"9,03 ㏊",,,Norte,Pollensa,1.300.000 EUR
240 ㎡,412 ㎡,4.0,3.0,Norte,Puerto Alcudia - Alcanada,1.650.000 EUR
861 ㎡,6.017 ㎡,6.0,5.0,Central,Lloret de Vista Alegre,2.650.000 EUR
,3.000 ㎡,,,Sureste,Cala Murada,440.000 EUR
101 ㎡,416 ㎡,3.0,3.0,Norte,Alcudia,620.000 EUR
71 ㎡,,2.0,2.0,Palma,Son Espanyolet,465.000 EUR
270 ㎡,200 ㎡,3.0,3.0,Norte,Alcudia,398.000 EUR
1.153 ㎡,2.744 ㎡,7.0,8.0,Son Vida & Palma Alrededores,Son Vida,19.995.000 EUR
,"3,01 ㏊",,,Sureste,Cas Concos,1.250.000 EUR
664 ㎡,1.230 ㎡,5.0,6.0,Suroeste,Santa Ponsa,13.800.000 EUR
123 ㎡,,2.0,2.0,Palma,El Terreno,895.000 EUR
808 ㎡,"2,04 ㏊",7.0,8.0,Sureste,Santanyí,7.500.000 EUR
,2.050 ㎡,,,Suroeste,Port Andratx,9.800.000 EUR
650 ㎡,1.089 ㎡,5.0,5.0,Suroeste,Port Andratx,6.950.000 EUR
374 ㎡,1.253 ㎡,5.0,5.0,Sur,Sa Torre,6.900.000 EUR
537 ㎡,3.800 ㎡,4.0,3.0,Sureste,Alquería Blanca,2.800.000 EUR
200 ㎡,1.035 ㎡,4.0,2.0,Suroeste,Costa de la Calma,2.290.000 EUR
4.000 ㎡,63 ㏊,10.0,16.0,Son Vida & Palma Alrededores,Puigpunyent & Galilea,24.000.000 EUR
90 ㎡,,2.0,2.0,Palma,Paseo Marítimo,1.090.000 EUR
192 ㎡,635 ㎡,4.0,2.0,Norte,Campanet,1.090.000 EUR
354 ㎡,2.050 ㎡,5.0,5.0,Suroeste,Port Andratx,9.800.000 EUR
370 ㎡,,4.0,4.0,Suroeste,Calvià,1.795.000 EUR
157 ㎡,,2.0,2.0,Noreste,Cala Ratjada,950.000 EUR
90 ㎡,,2.0,2.0,Suroeste,Cala Major,695.000 EUR
292 ㎡,,4.0,3.0,Palma,Portixol & Molinar,A Consultar
258 ㎡,350 ㎡,3.0,2.0,Sur,Puig de Ros,890.000 EUR
134 ㎡,111 ㎡,3.0,2.0,Norte,Muro,410.000 EUR
86 ㎡,7.718 ㎡,4.0,1.0,Norte,Pollensa,890.000 EUR
190 ㎡,470 ㎡,3.0,3.0,Noreste,Son Servera,1.900.000 EUR
501 ㎡,2.600 ㎡,5.0,4.0,Son Vida & Palma Alrededores,Son Vida,4.690.000 EUR
667 ㎡,1.426 ㎡,4.0,5.0,Suroeste,Camp de Mar,11.500.000 EUR
,"2,83 ㏊",,,Central,Maria de la Salut,270.000 EUR
102 ㎡,,2.0,2.0,Palma,La Bonanova,849.000 EUR
,"2,14 ㏊",,,Central,Selva,895.000 EUR
730 ㎡,402 ㎡,5.0,7.0,Oeste,Sóller,5.950.000 EUR
,405 ㎡,,,Noreste,Colonia de St. Pere,580.000 EUR
55 ㎡,,1.0,1.0,Sur,Maioris Décima,270.000 EUR
,756 ㎡,,,Sureste,Sa Rapita,305.000 EUR
1.092 ㎡,"2,36 ㏊",8.0,10.0,Oeste,Valldemossa,12.950.000 EUR
287 ㎡,"1,41 ㏊",4.0,3.0,Central,Portol,3.300.000 EUR
,"3,48 ㏊",,,Central,Montuiri,850.000 EUR
141 ㎡,,3.0,3.0,Suroeste,Santa Ponsa,3.650.000 EUR
170 ㎡,355 ㎡,4.0,3.0,Sur,Puig de Ros,1.290.000 EUR
,810 ㎡,,,Sur,Bahía Grande / Bahía Azul,450.000 EUR
,1.750 ㎡,,,Suroeste,Port Andratx,8.500.000 EUR
221 ㎡,1.440 ㎡,4.0,3.0,Suroeste,Costa d'en Blanes,1.850.000 EUR
1.045 ㎡,2.104 ㎡,5.0,,Son Vida & Palma Alrededores,Son Vida,11.400.000 EUR
232 ㎡,,3.0,3.0,Palma,Palma Catedral - Casco Antiguo,2.550.000 EUR
153 ㎡,,2.0,2.0,Noreste,Cala Ratjada,950.000 EUR
38 ㎡,,1.0,1.0,Palma,El Terreno,420.000 EUR
140 ㎡,540 ㎡,4.0,2.0,Sureste,Portopetro,1.900.000 EUR
280 ㎡,,3.0,4.0,Oeste,Deià,1.000.000 EUR
299 ㎡,1.053 ㎡,4.0,5.0,Norte,Sa Pobla,2.400.000 EUR
743 ㎡,5.325 ㎡,9.0,9.0,Suroeste,Santa Ponsa,34.450.000 EUR
,2.081 ㎡,,,Son Vida & Palma Alrededores,Son Vida,4.600.000 EUR
279 ㎡,"2,5 ㏊",4.0,3.0,Oeste,Deià,5.950.000 EUR
208 ㎡,,3.0,3.0,Suroeste,Santa Ponsa,1.390.000 EUR
186 ㎡,131 ㎡,3.0,3.0,Oeste,Sóller,1.350.000 EUR
114 ㎡,,2.0,2.0,Suroeste,Santa Ponsa,670.000 EUR
270 ㎡,488 ㎡,5.0,5.0,Palma,Genova,2.750.000 EUR
146 ㎡,,4.0,2.0,Suroeste,Santa Ponsa,2.150.000 EUR
107 ㎡,,3.0,2.0,Suroeste,Bendinat,1.495.000 EUR
103 ㎡,,2.0,2.0,Suroeste,Bendinat,1.450.000 EUR
827 ㎡,2.806 ㎡,5.0,6.0,Son Vida & Palma Alrededores,Son Vida,5.950.000 EUR
103 ㎡,,2.0,2.0,Suroeste,Port Andratx,890.000 EUR
155 ㎡,,4.0,3.0,Suroeste,Santa Ponsa,1.970.000 EUR
280 ㎡,150 ㎡,4.0,4.0,Central,Alaró,1.850.000 EUR
508 ㎡,1.828 ㎡,4.0,4.0,Suroeste,Camp de Mar,5.500.000 EUR
,"3,2 ㏊",,,Noreste,Manacor,450.000 EUR
388 ㎡,1.570 ㎡,5.0,5.0,Sur,Bahía Grande / Bahía Azul,2.980.000 EUR
217 ㎡,1.182 ㎡,3.0,2.0,Sureste,Cala Llombards,2.995.000 EUR
77 ㎡,,2.0,1.0,Palma,Portixol & Molinar,585.000 EUR
83 ㎡,,2.0,2.0,Palma,Portixol & Molinar,1.100.000 EUR
205 ㎡,,3.0,2.0,Central,Santa María,1.250.000 EUR
410 ㎡,"1,56 ㏊",3.0,2.0,Noreste,Manacor,2.100.000 EUR
144 ㎡,127 ㎡,3.0,3.0,Sureste,Campos,685.000 EUR
144 ㎡,127 ㎡,3.0,3.0,Sureste,Campos,685.000 EUR
271 ㎡,419 ㎡,3.0,3.0,Central,Lloseta,1.200.000 EUR
190 ㎡,7.535 ㎡,3.0,3.0,Noreste,Son Carrio,1.850.000 EUR
146 ㎡,688 ㎡,3.0,3.0,Central,Maria de la Salut,1.200.000 EUR
466 ㎡,"1,7 ㏊",4.0,6.0,Central,Sineu,3.450.000 EUR
86 ㎡,,2.0,2.0,Palma,Palma City Centre,1.095.000 EUR
,"1,6 ㏊",,,Central,Lloret de Vista Alegre,850.000 EUR
378 ㎡,"1,7 ㏊",4.0,4.0,Central,San Juan,1.850.000 EUR
84 ㎡,,2.0,1.0,Suroeste,Palmanova,650.000 EUR
144 ㎡,,3.0,3.0,Palma,San Agustin,2.225.000 EUR
191 ㎡,,3.0,3.0,Palma,San Agustin,3.485.000 EUR
212 ㎡,,3.0,3.0,Palma,San Agustin,4.250.000 EUR
,900 ㎡,,,Noreste,Porto Cristo,2.160.000 EUR
183 ㎡,,2.0,3.0,Palma,Palma Catedral - Casco Antiguo,995.000 EUR
574 ㎡,1.251 ㎡,6.0,5.0,Suroeste,Bendinat,9.000.000 EUR
165 ㎡,111 ㎡,3.0,2.0,Norte,Pollensa,670.000 EUR
134 ㎡,,2.0,2.0,Palma,Palma Catedral - Casco Antiguo,1.250.000 EUR
110 ㎡,"2,5 ㏊",2.0,2.0,Noreste,Manacor,1.500.000 EUR
241 ㎡,455 ㎡,3.0,3.0,Norte,Puerto Alcudia - Alcanada,1.250.000 EUR
300 ㎡,1.255 ㎡,4.0,4.0,Suroeste,Cala Vinyes,2.495.000 EUR
,"1,47 ㏊",,,Central,Montuiri,479.000 EUR
407 ㎡,7.000 ㎡,5.0,3.0,Central,Santa María,1.900.000 EUR
339 ㎡,7.867 ㎡,7.0,7.0,Sur,Llucmajor,1.900.000 EUR
95 ㎡,,3.0,2.0,Suroeste,Cas Catalá,1.500.000 EUR
71 ㎡,,3.0,2.0,Suroeste,Illetas,1.600.000 EUR
370 ㎡,"2,8 ㏊",5.0,4.0,Sureste,Portocolom,3.950.000 EUR
114 ㎡,,3.0,2.0,Suroeste,Paguera,1.590.000 EUR
106 ㎡,,3.0,2.0,Palma,Playa de Palma & Arenal,490.000 EUR
214 ㎡,628 ㎡,3.0,5.0,Sureste,Portocolom,2.290.000 EUR
227 ㎡,6.041 ㎡,4.0,3.0,Suroeste,S'Arraco,4.300.000 EUR
407 ㎡,466 ㎡,3.0,2.0,Central,Ariany,950.000 EUR
221 ㎡,"1,47 ㏊",3.0,3.0,Central,Montuiri,1.895.000 EUR
387 ㎡,874 ㎡,4.0,4.0,Suroeste,Portals,8.950.000 EUR
168 ㎡,,3.0,3.0,Noreste,Cala Ratjada,875.000 EUR
345 ㎡,812 ㎡,3.0,3.0,Sureste,Sa Rapita,1.730.000 EUR
443 ㎡,"1,28 ㏊",3.0,2.0,Sur,Llucmajor,875.000 EUR
318 ㎡,300 ㎡,4.0,4.0,Sureste,Santanyí,4.200.000 EUR
986 ㎡,2.692 ㎡,5.0,4.0,Oeste,Valldemossa,13.000.000 EUR
250 ㎡,7.100 ㎡,4.0,4.0,Noreste,Son Servera,2.250.000 EUR
590 ㎡,2.429 ㎡,5.0,6.0,Suroeste,Costa de la Calma,7.500.000 EUR
95 ㎡,,3.0,2.0,Oeste,Puerto de Sóller,890.000 EUR
95 ㎡,,3.0,2.0,Oeste,Puerto de Sóller,875.000 EUR
117 ㎡,,3.0,2.0,Oeste,Puerto de Sóller,990.000 EUR
993 ㎡,6.012 ㎡,9.0,10.0,Noreste,Costa de Los Pinos,A Consultar
,"1,75 ㏊",,,Noreste,Son Carrio,393.750 EUR
138 ㎡,3.525 ㎡,2.0,2.0,Central,Inca,1.750.000 EUR
110 ㎡,,3.0,2.0,Palma,Santa Catalina,1.650.000 EUR
161 ㎡,,4.0,3.0,Palma,Paseo Marítimo,2.250.000 EUR
251 ㎡,2.300 ㎡,3.0,3.0,Sur,Llucmajor,740.000 EUR
400 ㎡,840 ㎡,4.0,3.0,Oeste,Valldemossa,2.175.000 EUR
83 ㎡,,2.0,2.0,Suroeste,Port Andratx,1.690.000 EUR
369 ㎡,434 ㎡,3.0,3.0,Noreste,Colonia de St. Pere,1.270.000 EUR
730 ㎡,"6,15 ㏊",12.0,11.0,Central,Llubí,5.500.000 EUR
423 ㎡,810 ㎡,4.0,4.0,Suroeste,Bendinat,7.475.000 EUR
468 ㎡,1.374 ㎡,5.0,6.0,Suroeste,Costa d'en Blanes,7.495.000 EUR
,"23,33 ㏊",,,Sureste,Campos,1.500.000 EUR
600 ㎡,2.000 ㎡,5.0,5.0,Son Vida & Palma Alrededores,Son Vida,5.490.000 EUR
90 ㎡,,2.0,2.0,Suroeste,Santa Ponsa,1.085.000 EUR
300 ㎡,1.099 ㎡,4.0,3.0,Suroeste,Santa Ponsa,1.750.000 EUR
270 ㎡,705 ㎡,6.0,6.0,Noreste,Artá,2.880.000 EUR
700 ㎡,"1,42 ㏊",5.0,7.0,Central,Santa María,16.200.000 EUR
407 ㎡,1.000 ㎡,4.0,3.0,Sur,Sa Torre,2.995.000 EUR
96 ㎡,,2.0,2.0,Suroeste,Port Andratx,1.290.000 EUR
120 ㎡,,3.0,2.0,Palma,Son Armadams,1.040.000 EUR
144 ㎡,,3.0,2.0,Suroeste,Port Andratx,1.295.000 EUR
,4.558 ㎡,,,Son Vida & Palma Alrededores,Son Vida,3.000.000 EUR
85 ㎡,,2.0,2.0,Noreste,Cala Ratjada,569.000 EUR
136 ㎡,,3.0,4.0,Suroeste,Bendinat,1.995.000 EUR
313 ㎡,1.736 ㎡,4.0,4.0,Suroeste,Port Andratx,6.250.000 EUR
332 ㎡,370 ㎡,3.0,3.0,Sureste,Santanyí,3.495.000 EUR
255 ㎡,1.042 ㎡,4.0,3.0,Sureste,Santanyí,1.490.000 EUR
,1.200 ㎡,,,Noreste,Canyamel,995.000 EUR
323 ㎡,308 ㎡,4.0,3.0,Sureste,Es Llombards,1.350.000 EUR
422 ㎡,1.016 ㎡,5.0,4.0,Oeste,Valldemossa,3.700.000 EUR
129 ㎡,,4.0,2.0,Suroeste,Bendinat,1.650.000 EUR
80 ㎡,,2.0,1.0,Central,Marratxi,499.000 EUR
98 ㎡,,3.0,2.0,Oeste,Puerto de Sóller,1.090.000 EUR
102 ㎡,,3.0,2.0,Oeste,Puerto de Sóller,940.000 EUR
278 ㎡,1.486 ㎡,4.0,2.0,Central,Alaró,980.000 EUR
362 ㎡,"2,3 ㏊",4.0,4.0,Central,Bunyola,5.750.000 EUR
838 ㎡,1.022 ㎡,5.0,5.0,Suroeste,Port Andratx,7.900.000 EUR
105 ㎡,,3.0,3.0,Sureste,Sa Rapita,875.000 EUR
238 ㎡,"1,62 ㏊",3.0,4.0,Noreste,Capdepera,4.000.000 EUR
1.390 ㎡,"184,74 ㏊",6.0,2.0,Sur,Llucmajor,7.000.000 EUR
612 ㎡,1.403 ㎡,8.0,7.0,Noreste,Costa de Los Pinos,4.500.000 EUR
1.500 ㎡,4.250 ㎡,8.0,8.0,Son Vida & Palma Alrededores,Son Vida,21.000.000 EUR
,"1,78 ㏊",,,Central,San Juan,249.000 EUR
134 ㎡,661 ㎡,3.0,2.0,Sur,Cala Pi,2.400.000 EUR
171 ㎡,65 ㎡,3.0,2.0,Oeste,Sóller,780.000 EUR
353 ㎡,7.030 ㎡,4.0,3.0,Central,Inca,1.290.000 EUR
176 ㎡,1.460 ㎡,5.0,5.0,Suroeste,Camp de Mar,2.900.000 EUR
216 ㎡,,3.0,2.0,Palma,Santa Catalina,1.750.000 EUR
295 ㎡,5.197 ㎡,5.0,5.0,Norte,Pollensa,2.500.000 EUR
,"2,32 ㏊",,,Central,Bunyola,2.300.000 EUR
295 ㎡,374 ㎡,3.0,3.0,Suroeste,Cas Catalá,2.550.000 EUR
402 ㎡,1.156 ㎡,4.0,5.0,Suroeste,Santa Ponsa,5.450.000 EUR
686 ㎡,"2,34 ㏊",6.0,6.0,Central,Bunyola,14.500.000 EUR
544 ㎡,887 ㎡,5.0,6.0,Noreste,Canyamel,4.500.000 EUR
146 ㎡,"1,49 ㏊",3.0,2.0,Sur,Llucmajor,795.000 EUR
47 ㎡,,1.0,1.0,Palma,Paseo Marítimo,435.000 EUR
339 ㎡,"1,68 ㏊",5.0,6.0,Sureste,Campos,2.150.000 EUR
84 ㎡,,2.0,2.0,Palma,Es Forti,695.000 EUR
356 ㎡,1.235 ㎡,4.0,4.0,Noreste,Port Verd,6.250.000 EUR
154 ㎡,202 ㎡,3.0,2.0,Suroeste,S'Arraco,945.000 EUR
166 ㎡,162 ㎡,3.0,3.0,Central,Alaró,1.050.000 EUR
151 ㎡,,3.0,2.0,Oeste,Puerto de Sóller,1.590.000 EUR
294 ㎡,410 ㎡,3.0,3.0,Noreste,Porto Cristo,4.300.000 EUR
606 ㎡,"2,33 ㏊",6.0,5.0,Sur,Llucmajor,2.000.000 EUR
,"1,43 ㏊",,,Central,Portol,1.190.000 EUR
285 ㎡,1.027 ㎡,4.0,3.0,Son Vida & Palma Alrededores,Esporles,1.250.000 EUR
343 ㎡,1.047 ㎡,4.0,4.0,Son Vida & Palma Alrededores,Puigpunyent & Galilea,1.700.000 EUR
251 ㎡,5.909 ㎡,6.0,2.0,Noreste,Son Servera,1.350.000 EUR
,"2,18 ㏊",,,Norte,Sa Pobla,197.000 EUR
443 ㎡,1.467 ㎡,3.0,4.0,Noreste,Costa de Los Pinos,3.300.000 EUR
319 ㎡,7.521 ㎡,4.0,4.0,Son Vida & Palma Alrededores,Puigpunyent & Galilea,2.500.000 EUR
240 ㎡,"2,3 ㏊",3.0,3.0,Noreste,Artá,890.000 EUR
174 ㎡,,5.0,3.0,Suroeste,Cala Vinyes,1.295.000 EUR
,7.500 ㎡,,,Central,Puntiró,890.000 EUR
584 ㎡,7.500 ㎡,4.0,4.0,Central,Puntiró,5.950.000 EUR
57 ㎡,,1.0,1.0,Palma,Playa de Palma & Arenal,399.000 EUR
235 ㎡,3.110 ㎡,5.0,3.0,Noreste,Canyamel,A Consultar
439 ㎡,"2,11 ㏊",4.0,4.0,Central,Marratxi,3.250.000 EUR
410 ㎡,1.400 ㎡,4.0,5.0,Suroeste,Santa Ponsa,2.800.000 EUR
144 ㎡,91 ㎡,3.0,3.0,Norte,Pollensa,689.000 EUR
443 ㎡,"1,51 ㏊",6.0,7.0,Sur,Llucmajor,2.400.000 EUR
126 ㎡,,2.0,2.0,Palma,Palma Catedral - Casco Antiguo,985.000 EUR
119 ㎡,80 ㎡,2.0,2.0,Noreste,Son Servera,675.000 EUR
123 ㎡,93 ㎡,2.0,2.0,Noreste,Son Servera,675.000 EUR
172 ㎡,,3.0,2.0,Palma,Palma Catedral - Casco Antiguo,1.195.000 EUR
403 ㎡,2.006 ㎡,4.0,3.0,Central,Son Gual,2.640.000 EUR
342 ㎡,1.249 ㎡,5.0,4.0,Suroeste,Santa Ponsa,4.950.000 EUR
250 ㎡,,4.0,4.0,Palma,Palma Catedral - Casco Antiguo,1.895.000 EUR
200 ㎡,232 ㎡,4.0,3.0,Noreste,Son Servera,1.090.000 EUR
152 ㎡,,2.0,2.0,Palma,Santa Catalina,850.000 EUR
,"1,71 ㏊",,,Norte,Muro,240.000 EUR
270 ㎡,470 ㎡,3.0,4.0,Norte,Puerto Alcudia - Alcanada,3.195.000 EUR
,"2,06 ㏊",,,Central,Moscari,450.000 EUR
164 ㎡,300 ㎡,4.0,3.0,Sur,Puig de Ros,1.065.000 EUR
164 ㎡,300 ㎡,4.0,3.0,Sur,Puig de Ros,1.085.000 EUR
164 ㎡,300 ㎡,4.0,3.0,Sur,Puig de Ros,1.065.000 EUR
164 ㎡,300 ㎡,4.0,3.0,Sur,Puig de Ros,1.040.000 EUR
164 ㎡,300 ㎡,4.0,3.0,Sur,Puig de Ros,1.045.000 EUR
164 ㎡,300 ㎡,4.0,3.0,Sur,Puig de Ros,1.045.000 EUR
671 ㎡,1.092 ㎡,4.0,5.0,Noreste,Canyamel,3.995.000 EUR
,1.538 ㎡,,,Noreste,Costa de Los Pinos,850.000 EUR
185 ㎡,,3.0,3.0,Palma,Palma Catedral - Casco Antiguo,3.250.000 EUR
234 ㎡,350 ㎡,3.0,3.0,Norte,Can Picafort,1.200.000 EUR
231 ㎡,217 ㎡,3.0,3.0,Norte,Can Picafort,1.150.000 EUR
234 ㎡,350 ㎡,3.0,3.0,Norte,Can Picafort,1.200.000 EUR
276 ㎡,1.000 ㎡,4.0,4.0,Suroeste,Port Andratx,4.750.000 EUR
187 ㎡,6.566 ㎡,3.0,3.0,Norte,Campanet,2.150.000 EUR
,1.672 ㎡,,,Suroeste,Port Andratx,3.250.000 EUR
,"20,78 ㏊",,,Central,Ariany,990.000 EUR
378 ㎡,,4.0,3.0,Palma,El Terreno,6.500.000 EUR
285 ㎡,"2,11 ㏊",4.0,4.0,Sur,Llucmajor,3.900.000 EUR
690 ㎡,1.045 ㎡,4.0,4.0,Suroeste,Costa d'en Blanes,8.500.000 EUR
227 ㎡,220 ㎡,3.0,3.0,Oeste,Deià,2.100.000 EUR
197 ㎡,440 ㎡,5.0,2.0,Oeste,Sóller,1.045.000 EUR
362 ㎡,843 ㎡,4.0,4.0,Suroeste,Capdella,2.950.000 EUR
601 ㎡,890 ㎡,5.0,5.0,Palma,El Terreno,10.000.000 EUR
140 ㎡,,3.0,2.0,Palma,San Agustin,1.350.000 EUR
224 ㎡,1.440 ㎡,4.0,4.0,Suroeste,Santa Ponsa,3.800.000 EUR
282 ㎡,193 ㎡,4.0,3.0,Central,Selva,845.000 EUR
482 ㎡,700 ㎡,5.0,6.0,Palma,La Bonanova,3.500.000 EUR
290 ㎡,420 ㎡,4.0,4.0,Norte,Puerto Alcudia,2.850.000 EUR
230 ㎡,113 ㎡,7.0,3.0,Oeste,Sóller,875.000 EUR
930 ㎡,,6.0,10.0,Palma,Portixol & Molinar,14.900.000 EUR
192 ㎡,1.430 ㎡,3.0,3.0,Suroeste,Port Andratx,4.450.000 EUR
464 ㎡,"2,07 ㏊",4.0,3.0,Central,Llubí,895.000 EUR
220 ㎡,127 ㎡,3.0,3.0,Oeste,Sóller,800.000 EUR
301 ㎡,"9,23 ㏊",6.0,3.0,Noreste,Son Servera,2.655.000 EUR
190 ㎡,,3.0,3.0,Noreste,Porto Cristo,799.000 EUR
,"2,8 ㏊",,,Noreste,Manacor,890.000 EUR
304 ㎡,"3,15 ㏊",5.0,7.0,Norte,Alcudia,7.500.000 EUR
85 ㎡,,2.0,1.0,Palma,Palma Catedral - Casco Antiguo,525.000 EUR
129 ㎡,,3.0,2.0,Palma,Palma Catedral - Casco Antiguo,2.210.000 EUR
197 ㎡,,3.0,3.0,Palma,Son Espanyolet,1.500.000 EUR
150 ㎡,,3.0,3.0,Palma,Son Espanyolet,1.500.000 EUR
476 ㎡,"2,06 ㏊",5.0,5.0,Sureste,Felanitx,4.900.000 EUR
186 ㎡,,2.0,2.0,Palma,Palma Catedral - Casco Antiguo,3.190.000 EUR
784 ㎡,1.828 ㎡,4.0,1.0,Central,Binissalem,1.500.000 EUR
431 ㎡,"1,71 ㏊",5.0,5.0,Sur,Llucmajor,2.590.000 EUR
224 ㎡,274 ㎡,4.0,4.0,Norte,Campanet,540.000 EUR
973 ㎡,"40,31 ㏊",3.0,4.0,Noreste,Manacor,1.750.000 EUR
280 ㎡,1.747 ㎡,3.0,3.0,Oeste,Deià,3.590.000 EUR
82 ㎡,,2.0,2.0,Palma,Portixol & Molinar,895.000 EUR
,600 ㎡,,,Norte,Puerto Alcudia - Alcanada,1.195.000 EUR
129 ㎡,,2.0,2.0,Palma,Palma Catedral - Casco Antiguo,2.000.000 EUR
424 ㎡,10.654 ㎡,5.0,3.0,Central,Santa María,2.500.000 EUR
199 ㎡,,3.0,3.0,Palma,Palma Catedral - Casco Antiguo,3.150.000 EUR
459 ㎡,3.732 ㎡,,,Central,Santa María,1.600.000 EUR
141 ㎡,,2.0,2.0,Suroeste,Port Andratx,3.250.000 EUR
380 ㎡,986 ㎡,3.0,3.0,Central,Alaró,2.200.000 EUR
455 ㎡,"1,78 ㏊",4.0,5.0,Sureste,Cala Llombards,6.200.000 EUR
,"4,45 ㏊",,,Norte,Pollensa,1.500.000 EUR
628 ㎡,1.054 ㎡,5.0,5.0,Suroeste,Port Andratx,13.900.000 EUR
439 ㎡,428 ㎡,4.0,7.0,Sureste,Santanyí,4.300.000 EUR
186 ㎡,,5.0,3.0,Palma,Son Dameto,1.050.000 EUR
441 ㎡,"3,59 ㏊",4.0,6.0,Central,Bunyola,9.000.000 EUR
732 ㎡,"3,55 ㏊",4.0,6.0,Central,Bunyola,8.000.000 EUR
890 ㎡,"5,71 ㏊",4.0,5.0,Central,Bunyola,11.000.000 EUR
640 ㎡,"1,51 ㏊",5.0,8.0,Central,Santa María,8.250.000 EUR
141 ㎡,,4.0,3.0,Palma,Palma Catedral - Casco Antiguo,1.395.000 EUR
,"2,49 ㏊",,,Norte,Pollensa,1.165.000 EUR
,882 ㎡,,,Suroeste,Port Andratx,2.495.000 EUR
303 ㎡,657 ㎡,4.0,3.0,Palma,La Bonanova,2.400.000 EUR
650 ㎡,400 ㎡,6.0,5.0,Central,Mancor del Valle,849.000 EUR
1.375 ㎡,,5.0,5.0,Palma,Palma Catedral - Casco Antiguo,19.500.000 EUR
168 ㎡,"1,45 ㏊",2.0,2.0,Sureste,Campos,1.995.000 EUR
132 ㎡,,4.0,3.0,Palma,Palma City Centre,960.000 EUR
872 ㎡,"6,84 ㏊",6.0,6.0,Central,Santa María,7.900.000 EUR
493 ㎡,1.573 ㎡,5.0,5.0,Suroeste,Port Andratx,6.900.000 EUR
177 ㎡,64 ㎡,3.0,2.0,Noreste,Artá,650.000 EUR
271 ㎡,5.808 ㎡,2.0,2.0,Son Vida & Palma Alrededores,Establiments,1.100.000 EUR
360 ㎡,"1,7 ㏊",4.0,2.0,Norte,Alcudia,1.290.000 EUR
480 ㎡,,5.0,5.0,Palma,Palma Catedral - Casco Antiguo,9.800.000 EUR
645 ㎡,2.948 ㎡,6.0,6.0,Son Vida & Palma Alrededores,Son Vida,6.500.000 EUR
,1.350 ㎡,,,Suroeste,Port Andratx,2.850.000 EUR
468 ㎡,,,,Palma,Palma Catedral - Casco Antiguo,1.675.000 EUR
433 ㎡,998 ㎡,4.0,4.0,Norte,Alcudia,3.500.000 EUR
88 ㎡,,2.0,2.0,Suroeste,Port Andratx,1.350.000 EUR
208 ㎡,,3.0,3.0,Palma,Palma Catedral - Casco Antiguo,2.640.000 EUR
155 ㎡,7.143 ㎡,3.0,2.0,Noreste,Artá,690.000 EUR
,1.486 ㎡,,,Suroeste,Paguera,1.800.000 EUR
,3.760 ㎡,,,Suroeste,Paguera,6.900.000 EUR
,1.682 ㎡,,,Suroeste,Paguera,2.100.000 EUR
,1.510 ㎡,,,Suroeste,Paguera,2.100.000 EUR
575 ㎡,661 ㎡,6.0,2.0,Oeste,Sóller,1.500.000 EUR
174 ㎡,256 ㎡,3.0,2.0,Sureste,Felanitx,990.000 EUR
664 ㎡,3.518 ㎡,4.0,4.0,Central,Sa Coma - Bunyola,2.300.000 EUR
104 ㎡,,2.0,2.0,Suroeste,Cas Catalá,735.000 EUR
140 ㎡,"3,55 ㏊",2.0,2.0,Noreste,Colonia de St. Pere,1.600.000 EUR
121 ㎡,,3.0,2.0,Suroeste,Cas Catalá,1.650.000 EUR
96 ㎡,,4.0,3.0,Suroeste,Port Andratx,1.690.000 EUR
400 ㎡,1.085 ㎡,6.0,6.0,Suroeste,Bendinat,7.500.000 EUR
478 ㎡,3 ㏊,4.0,5.0,Central,Sineu,2.975.000 EUR
313 ㎡,"2,83 ㏊",3.0,1.0,Central,Pina,540.000 EUR
,"1,4 ㏊",,,Central,Algaida,175.000 EUR
500 ㎡,11.888 ㎡,6.0,3.0,Noreste,Son Servera,3.100.000 EUR
499 ㎡,5.043 ㎡,4.0,2.0,Central,Algaida,1.950.000 EUR
340 ㎡,2.000 ㎡,6.0,4.0,Norte,Sa Pobla,1.150.000 EUR
367 ㎡,803 ㎡,5.0,6.0,Suroeste,Costa d'en Blanes,7.450.000 EUR
656 ㎡,"4,46 ㏊",7.0,6.0,Sureste,Campos,2.990.000 EUR
161 ㎡,,3.0,3.0,Oeste,Sóller,1.385.000 EUR
,1.946 ㎡,,,Sur,Llucmajor,395.000 EUR
143 ㎡,198 ㎡,3.0,2.0,Norte,Muro,590.000 EUR
180 ㎡,107 ㎡,3.0,2.0,Oeste,Deià,850.000 EUR
203 ㎡,822 ㎡,3.0,3.0,Suroeste,Santa Ponsa,1.690.000 EUR
152 ㎡,,3.0,3.0,Suroeste,Port Andratx,3.880.000 EUR
460 ㎡,"12,41 ㏊",5.0,5.0,Sur,Llucmajor,6.350.000 EUR
355 ㎡,913 ㎡,3.0,3.0,Sur,Puig de Ros,1.390.000 EUR
335 ㎡,619 ㎡,4.0,2.0,Sur,Llucmajor,895.000 EUR
582 ㎡,306 ㎡,6.0,1.0,Sur,Llucmajor,590.000 EUR
221 ㎡,162 ㎡,4.0,2.0,Central,Santa María,1.200.000 EUR
330 ㎡,1.100 ㎡,5.0,5.0,Suroeste,Santa Ponsa,2.750.000 EUR
159 ㎡,86 ㎡,3.0,2.0,Sur,Llucmajor,420.000 EUR
365 ㎡,321 ㎡,6.0,6.0,Oeste,Sóller,2.995.000 EUR
,2.204 ㎡,,,Son Vida & Palma Alrededores,Son Vida,3.200.000 EUR
591 ㎡,"1,88 ㏊",5.0,4.0,Sureste,Son Macia,2.950.000 EUR
600 ㎡,4.000 ㎡,5.0,5.0,Oeste,Sóller,3.255.000 EUR
876 ㎡,"1,4 ㏊",11.0,11.0,Central,Petra,2.900.000 EUR
235 ㎡,3.425 ㎡,5.0,2.0,Norte,Sa Pobla,1.425.000 EUR
428 ㎡,2.700 ㎡,5.0,4.0,Sur,Cala Blava,1.950.000 EUR
,1.463 ㎡,,,Suroeste,Port Andratx,3.950.000 EUR
72 ㎡,,2.0,2.0,Oeste,Puerto de Sóller,595.000 EUR
200 ㎡,285 ㎡,5.0,3.0,Palma,El Terreno,2.950.000 EUR
480 ㎡,300 ㎡,5.0,5.0,Sureste,Santanyí,4.800.000 EUR
180 ㎡,123 ㎡,3.0,4.0,Noreste,Artá,1.250.000 EUR
469 ㎡,300 ㎡,6.0,6.0,Sureste,Santanyí,4.500.000 EUR
,"2,15 ㏊",,,Norte,Santa Margalida,330.000 EUR
253 ㎡,307 ㎡,3.0,3.0,Sureste,Ses Salines,2.350.000 EUR
475 ㎡,510 ㎡,5.0,5.0,Sureste,Ses Salines,3.600.000 EUR
191 ㎡,,3.0,4.0,Suroeste,Port Andratx,3.050.000 EUR
382 ㎡,"5,5 ㏊",3.0,4.0,Sureste,Felanitx,7.800.000 EUR
463 ㎡,1.300 ㎡,6.0,8.0,Sur,Sa Torre,8.250.000 EUR
146 ㎡,,3.0,2.0,Sur,Llucmajor,635.000 EUR
866 ㎡,2.002 ㎡,6.0,6.0,Son Vida & Palma Alrededores,Son Vida,6.950.000 EUR
230 ㎡,"4,03 ㏊",4.0,4.0,Central,Inca,1.980.000 EUR
170 ㎡,,3.0,2.0,Suroeste,Cas Catalá,1.490.000 EUR
,589 ㎡,,,Oeste,Puerto de Sóller,950.000 EUR
154 ㎡,,3.0,2.0,Suroeste,Sol de Mallorca,1.100.000 EUR
116 ㎡,,4.0,3.0,Norte,Puerto Pollensa,575.000 EUR
616 ㎡,"2,53 ㏊",7.0,5.0,Sureste,Ses Salines,4.950.000 EUR
278 ㎡,,2.0,2.0,Suroeste,Cas Catalá,4.950.000 EUR
,896 ㎡,,,Sur,Llucmajor,450.000 EUR
230 ㎡,"1,71 ㏊",4.0,4.0,Central,Inca,1.690.000 EUR
740 ㎡,978 ㎡,4.0,5.0,Suroeste,Bendinat,11.000.000 EUR
137 ㎡,,3.0,2.0,Palma,La Bonanova,2.550.000 EUR
223 ㎡,,3.0,4.0,Palma,Palma Catedral - Casco Antiguo,2.500.000 EUR
560 ㎡,839 ㎡,5.0,4.0,Son Vida & Palma Alrededores,Palma Golf,3.950.000 EUR
863 ㎡,2.100 ㎡,5.0,5.0,Son Vida & Palma Alrededores,Son Vida,9.500.000 EUR
,"1,51 ㏊",,,Sur,Llucmajor,199.000 EUR
230 ㎡,645 ㎡,3.0,3.0,Suroeste,Port Andratx,3.550.000 EUR
,"8,6 ㏊",,,Norte,Can Picafort,1.350.000 EUR
780 ㎡,2.040 ㎡,4.0,4.0,Son Vida & Palma Alrededores,Son Vida,4.900.000 EUR
314 ㎡,4.000 ㎡,3.0,3.0,Suroeste,Calvià,6.800.000 EUR
,960 ㎡,,,Suroeste,Capdella,420.000 EUR
332 ㎡,,5.0,4.0,Norte,Alcudia,2.900.000 EUR
,1.078 ㎡,,,Norte,Alcudia,295.000 EUR
716 ㎡,1.923 ㎡,4.0,5.0,Suroeste,Santa Ponsa,8.200.000 EUR
70 ㎡,,2.0,1.0,Suroeste,Port Andratx,1.500.000 EUR
105 ㎡,,2.0,1.0,Suroeste,Port Andratx,1.700.000 EUR
470 ㎡,"2,12 ㏊",4.0,4.0,Sureste,Santanyí,3.865.000 EUR
555 ㎡,302 ㎡,5.0,3.0,Sur,Llucmajor,2.000.000 EUR
634 ㎡,"1,95 ㏊",5.0,5.0,Sureste,Campos,6.950.000 EUR
203 ㎡,425 ㎡,3.0,3.0,Sur,Puig de Ros,1.500.000 EUR
366 ㎡,,2.0,3.0,Palma,Palma Catedral - Casco Antiguo,960.000 EUR
964 ㎡,1.360 ㎡,6.0,4.0,Central,Mancor del Valle,1.950.000 EUR
590 ㎡,"2,1 ㏊",4.0,4.0,Sureste,Cas Concos,3.450.000 EUR
,875 ㎡,,,Suroeste,Santa Ponsa,1.990.000 EUR
1.563 ㎡,8.170 ㎡,6.0,6.0,Son Vida & Palma Alrededores,Son Vida,9.900.000 EUR
,1.557 ㎡,,,Norte,Puerto Pollensa,895.000 EUR
132 ㎡,173 ㎡,4.0,4.0,Central,Consell,800.000 EUR
,"1,88 ㏊",,,Central,Montuiri,260.000 EUR
392 ㎡,1.765 ㎡,5.0,6.0,Suroeste,Sol de Mallorca,4.600.000 EUR
215 ㎡,,3.0,3.0,Palma,Palma Catedral - Casco Antiguo,1.595.000 EUR
220 ㎡,,5.0,5.0,Palma,San Agustin,2.750.000 EUR
206 ㎡,,4.0,4.0,Palma,San Agustin,2.850.000 EUR
427 ㎡,2.242 ㎡,7.0,6.0,Sureste,Portocolom,3.200.000 EUR
336 ㎡,1.032 ㎡,4.0,4.0,Suroeste,Paguera,4.400.000 EUR
5.568 ㎡,"24,14 ㏊",29.0,32.0,Central,Bunyola,75.900.000 EUR
967 ㎡,1.978 ㎡,7.0,8.0,Suroeste,Santa Ponsa,6.550.000 EUR
208 ㎡,,3.0,3.0,Palma,Palma Catedral - Casco Antiguo,1.695.000 EUR
548 ㎡,3.448 ㎡,6.0,6.0,Central,Santa María,4.950.000 EUR
129 ㎡,,4.0,2.0,Suroeste,Bendinat,1.600.000 EUR
291 ㎡,,3.0,3.0,Palma,Palma Catedral - Casco Antiguo,8.000.000 EUR
230 ㎡,214 ㎡,5.0,2.0,Noreste,Son Servera,565.000 EUR
240 ㎡,312 ㎡,3.0,4.0,Sureste,Santanyí,2.450.000 EUR
660 ㎡,"1,65 ㏊",5.0,5.0,Sur,Llucmajor,2.200.000 EUR
235 ㎡,"1,64 ㏊",4.0,4.0,Sureste,Felanitx,1.500.000 EUR
518 ㎡,893 ㎡,4.0,4.0,Suroeste,Port Andratx,4.900.000 EUR
439 ㎡,"2,05 ㏊",6.0,6.0,Noreste,Artá,4.250.000 EUR
385 ㎡,440 ㎡,4.0,4.0,Son Vida & Palma Alrededores,Establiments,1.250.000 EUR
523 ㎡,"1,53 ㏊",4.0,4.0,Central,Santa María,6.600.000 EUR
340 ㎡,10.441 ㎡,4.0,4.0,Suroeste,Andratx,2.550.000 EUR
94 ㎡,,3.0,2.0,Palma,San Agustin,795.000 EUR
361 ㎡,1.480 ㎡,6.0,6.0,Suroeste,Port Andratx,9.750.000 EUR
,"1,41 ㏊",,,Sur,Llucmajor,495.000 EUR
900 ㎡,3.500 ㎡,7.0,7.0,Norte,Pollensa,9.700.000 EUR
210 ㎡,,3.0,2.0,Oeste,Sóller,999.999 EUR
180 ㎡,"2,01 ㏊",3.0,3.0,Sureste,Ses Salines,1.995.000 EUR
79 ㎡,,2.0,2.0,Palma,Portixol & Molinar,895.000 EUR
109 ㎡,,2.0,1.0,Palma,Palma Catedral - Casco Antiguo,850.000 EUR
163 ㎡,236 ㎡,4.0,3.0,Sur,Puig de Ros,1.185.000 EUR
,"2,12 ㏊",,,Central,Moscari,895.000 EUR
280 ㎡,700 ㎡,4.0,4.0,Sureste,Portocolom,1.750.000 EUR
1.784 ㎡,"14,83 ㏊",14.0,17.0,Central,Algaida,17.500.000 EUR
459 ㎡,211 ㎡,4.0,4.0,Noreste,Artá,695.000 EUR
93 ㎡,,2.0,2.0,Palma,Portixol & Molinar,995.000 EUR
166 ㎡,,3.0,3.0,Oeste,Sóller,1.190.000 EUR
,"2,19 ㏊",,,Norte,Pollensa,550.000 EUR
81 ㎡,,2.0,2.0,Palma,San Agustin,695.000 EUR
201 ㎡,,4.0,2.0,Palma,Palma Catedral - Casco Antiguo,1.260.000 EUR
,1.565 ㎡,,,Suroeste,Santa Ponsa,850.000 EUR
826 ㎡,1.291 ㎡,8.0,1.0,Central,Santa María,3.500.000 EUR
277 ㎡,7.616 ㎡,4.0,4.0,Norte,Pollensa,1.400.000 EUR
368 ㎡,"9,39 ㏊",4.0,4.0,Norte,Alcudia,3.500.000 EUR
,"1,44 ㏊",,,Sur,Llucmajor,650.000 EUR
361 ㎡,,3.0,3.0,Suroeste,Port Andratx,2.750.000 EUR
578 ㎡,,3.0,4.0,Suroeste,Port Andratx,5.400.000 EUR
518 ㎡,,3.0,4.0,Suroeste,Port Andratx,4.150.000 EUR
449 ㎡,,3.0,3.0,Suroeste,Port Andratx,3.550.000 EUR
400 ㎡,1.044 ㎡,5.0,4.0,Suroeste,Capdella,3.850.000 EUR
907 ㎡,2.000 ㎡,5.0,5.0,Son Vida & Palma Alrededores,Son Vida,6.500.000 EUR
218 ㎡,237 ㎡,3.0,3.0,Norte,Alcudia,1.600.000 EUR
518 ㎡,"1,95 ㏊",4.0,4.0,Sureste,Santanyí,3.600.000 EUR
1.497 ㎡,"96,61 ㏊",8.0,2.0,Son Vida & Palma Alrededores,Puigpunyent & Galilea,7.500.000 EUR
660 ㎡,"2,4 ㏊",6.0,7.0,Sureste,Campos,5.750.000 EUR
282 ㎡,1.554 ㎡,5.0,6.0,Suroeste,Port Andratx,12.950.000 EUR
261 ㎡,284 ㎡,3.0,3.0,Sureste,Felanitx,1.580.000 EUR
1.070 ㎡,2.000 ㎡,7.0,8.0,Suroeste,Port Andratx,16.900.000 EUR
130 ㎡,,2.0,2.0,Suroeste,Santa Ponsa,2.390.000 EUR
,1.066 ㎡,,,Central,Sa Cabaneta,390.000 EUR
,"2,82 ㏊",,,Norte,Alcudia,950.000 EUR
671 ㎡,2.290 ㎡,6.0,6.0,Son Vida & Palma Alrededores,Son Vida,4.600.000 EUR
297 ㎡,470 ㎡,5.0,4.0,Sureste,Portocolom,1.890.000 EUR
914 ㎡,2.018 ㎡,5.0,5.0,Son Vida & Palma Alrededores,Son Vida,8.900.000 EUR
898 ㎡,2.300 ㎡,7.0,8.0,Suroeste,Portals,16.950.000 EUR
7.000 ㎡,"314,48 ㏊",11.0,11.0,Noreste,Manacor,18.000.000 EUR
371 ㎡,"3,48 ㏊",4.0,5.0,Central,Montuiri,3.800.000 EUR
449 ㎡,"1,7 ㏊",5.0,4.0,Son Vida & Palma Alrededores,Puigpunyent & Galilea,3.995.000 EUR
162 ㎡,,3.0,3.0,Palma,Palma Catedral - Casco Antiguo,1.595.000 EUR
184 ㎡,,2.0,3.0,Palma,Palma Catedral - Casco Antiguo,1.500.000 EUR
172 ㎡,,3.0,2.0,Palma,Palma Catedral - Casco Antiguo,1.100.000 EUR
280 ㎡,"1,59 ㏊",5.0,5.0,Norte,Alcudia,2.690.000 EUR
492 ㎡,"2,25 ㏊",7.0,3.0,Central,Selva,4.999.999 EUR
480 ㎡,1.001 ㎡,4.0,4.0,Son Vida & Palma Alrededores,Son Vida,6.950.000 EUR
49 ㎡,,1.0,1.0,Palma,Palma Catedral - Casco Antiguo,390.000 EUR
,1.950 ㎡,,,Central,Santa Eugenia,1.200.000 EUR
479 ㎡,"1,6 ㏊",4.0,4.0,Central,Alaró,5.900.000 EUR
283 ㎡,851 ㎡,7.0,4.0,Noreste,Cala Ratjada,1.750.000 EUR
490 ㎡,7.933 ㎡,4.0,3.0,Central,Puntiró,3.200.000 EUR
267 ㎡,"5,88 ㏊",5.0,3.0,Central,Alaró,2.800.000 EUR
433 ㎡,849 ㎡,5.0,3.0,Noreste,Colonia de St. Pere,3.000.000 EUR
332 ㎡,927 ㎡,4.0,3.0,Suroeste,Santa Ponsa,5.800.000 EUR
535 ㎡,1.611 ㎡,4.0,4.0,Suroeste,Andratx,11.900.000 EUR
341 ㎡,"2,12 ㏊",4.0,4.0,Central,Santa María,3.800.000 EUR
168 ㎡,,3.0,3.0,Suroeste,Bendinat,2.250.000 EUR
571 ㎡,1.259 ㎡,4.0,4.0,Suroeste,Port Andratx,11.500.000 EUR
,"1,49 ㏊",,,Central,Ariany,350.000 EUR
575 ㎡,"2,81 ㏊",4.0,4.0,Sur,Llucmajor,3.500.000 EUR
200 ㎡,2.354 ㎡,4.0,3.0,Oeste,Sóller,959.000 EUR
455 ㎡,843 ㎡,4.0,7.0,Central,Caimari,3.800.000 EUR
250 ㎡,,3.0,3.0,Suroeste,Port Andratx,3.850.000 EUR
700 ㎡,"2,6 ㏊",4.0,4.0,Sureste,Son Macia,4.950.000 EUR
575 ㎡,"1,78 ㏊",5.0,7.0,Sureste,Santanyí,5.950.000 EUR
494 ㎡,1.083 ㎡,6.0,3.0,Central,Sa Cabaneta,3.350.000 EUR
438 ㎡,1.129 ㎡,5.0,5.0,Suroeste,Bendinat,5.950.000 EUR
280 ㎡,660 ㎡,3.0,3.0,Palma,La Bonanova,2.100.000 EUR
450 ㎡,,3.0,3.0,Sureste,Cala Murada,1.975.000 EUR
,"2,33 ㏊",,,Central,Algaida,298.000 EUR
181 ㎡,,3.0,3.0,Central,Alaró,1.150.000 EUR
184 ㎡,162 ㎡,3.0,3.0,Central,Alaró,1.150.000 EUR
389 ㎡,2.184 ㎡,5.0,3.0,Son Vida & Palma Alrededores,Esporles,1.890.000 EUR
450 ㎡,1.329 ㎡,5.0,4.0,Suroeste,Santa Ponsa,5.900.000 EUR
228 ㎡,67 ㎡,4.0,1.0,Oeste,Fornalutx,595.000 EUR
108 ㎡,433 ㎡,3.0,3.0,Sur,Cala Pi,675.000 EUR
,9 ㏊,,,Norte,Alcudia,1.550.000 EUR
255 ㎡,2.000 ㎡,4.0,3.0,Norte,Alcudia - Bonaire,1.995.000 EUR
390 ㎡,2.201 ㎡,7.0,3.0,Suroeste,Camp de Mar,6.500.000 EUR
289 ㎡,925 ㎡,5.0,4.0,Suroeste,Santa Ponsa,4.250.000 EUR
325 ㎡,265 ㎡,4.0,4.0,Central,Santa María,2.500.000 EUR
88 ㎡,,2.0,1.0,Suroeste,Illetas,980.000 EUR
569 ㎡,1.194 ㎡,5.0,7.0,Suroeste,Camp de Mar,28.000.000 EUR
426 ㎡,1.203 ㎡,5.0,5.0,Suroeste,Cas Catalá,5.400.000 EUR
113 ㎡,,3.0,2.0,Suroeste,Palmanova,1.030.000 EUR
441 ㎡,983 ㎡,6.0,7.0,Norte,Puerto Pollensa,2.800.000 EUR
250 ㎡,"2,51 ㏊",3.0,1.0,Central,Lloseta,1.250.000 EUR
120 ㎡,31 ㎡,2.0,1.0,Norte,Puerto Alcudia,1.100.000 EUR
517 ㎡,4.028 ㎡,5.0,5.0,Suroeste,Santa Ponsa,7.500.000 EUR
234 ㎡,232 ㎡,4.0,2.0,Sur,Llucmajor,840.000 EUR
490 ㎡,"7,03 ㏊",4.0,4.0,Sureste,Porreres,5.800.000 EUR
329 ㎡,988 ㎡,4.0,4.0,Suroeste,Port Andratx,6.350.000 EUR
282 ㎡,1.997 ㎡,4.0,3.0,Noreste,Costa de Los Pinos,2.650.000 EUR
414 ㎡,"9,62 ㏊",6.0,7.0,Central,Algaida,2.950.000 EUR
60 ㎡,,2.0,2.0,Suroeste,Port Andratx,695.000 EUR
506 ㎡,1.311 ㎡,4.0,4.0,Son Vida & Palma Alrededores,Palmanyola,6.850.000 EUR
99 ㎡,,2.0,2.0,Suroeste,Port Andratx,1.750.000 EUR
452 ㎡,"2,14 ㏊",4.0,4.0,Sur,Llucmajor,3.900.000 EUR
300 ㎡,"10,58 ㏊",4.0,4.0,Noreste,Artá,1.800.000 EUR
,"1,57 ㏊",,,Noreste,Manacor,395.000 EUR
206 ㎡,594 ㎡,3.0,2.0,Suroeste,Calvià,2.450.000 EUR
,"1,51 ㏊",,,Noreste,Porto Cristo,650.000 EUR
,2.773 ㎡,,,Noreste,Manacor,330.000 EUR
447 ㎡,7.051 ㎡,4.0,3.0,Son Vida & Palma Alrededores,Establiments,1.995.000 EUR
,"2,56 ㏊",,,Central,Santa Eugenia,330.000 EUR
137 ㎡,"1,54 ㏊",2.0,2.0,Norte,Campanet,1.150.000 EUR
1.063 ㎡,2.000 ㎡,6.0,8.0,Suroeste,Port Andratx,16.900.000 EUR
525 ㎡,"1,66 ㏊",5.0,4.0,Sureste,Ses Salines,4.295.000 EUR
,8.766 ㎡,,,Central,Puntiró,389.000 EUR
523 ㎡,1.374 ㎡,4.0,4.0,Suroeste,Port Adriano,11.900.000 EUR
236 ㎡,"1,77 ㏊",2.0,2.0,Noreste,Capdepera,995.000 EUR
748 ㎡,2.095 ㎡,5.0,6.0,Son Vida & Palma Alrededores,Son Vida,8.900.000 EUR
119 ㎡,159 ㎡,2.0,2.0,Norte,Santa Margalida,645.000 EUR
,1.650 ㎡,,,Suroeste,Cala Vinyes,1.550.000 EUR
,402 ㎡,,,Noreste,Colonia de St. Pere,1.150.000 EUR
653 ㎡,2.227 ㎡,5.0,3.0,Son Vida & Palma Alrededores,Son Vida,8.950.000 EUR
2.400 ㎡,32 ㏊,25.0,28.0,Sur,Llucmajor,25.000.000 EUR
387 ㎡,,9.0,4.0,Palma,Palma Catedral - Casco Antiguo,2.700.000 EUR
332 ㎡,4.652 ㎡,4.0,4.0,Suroeste,S'Arraco,2.300.000 EUR
248 ㎡,8.071 ㎡,4.0,4.0,Suroeste,Port Andratx,3.950.000 EUR
,2.130 ㎡,,,Son Vida & Palma Alrededores,Son Vida,2.500.000 EUR
,"4,83 ㏊",,,Central,Costitx,965.000 EUR
228 ㎡,392 ㎡,4.0,2.0,Suroeste,Port Andratx,3.200.000 EUR
350 ㎡,"1,64 ㏊",5.0,4.0,Norte,Alcudia,4.500.000 EUR
431 ㎡,2.134 ㎡,7.0,6.0,Sur,Cala Pi,6.000.000 EUR
149 ㎡,,2.0,2.0,Suroeste,Portals,3.200.000 EUR
300 ㎡,"3,37 ㏊",4.0,4.0,Noreste,Artá,A Consultar
415 ㎡,1.029 ㎡,3.0,3.0,Central,Algaida,1.390.000 EUR
123 ㎡,,3.0,2.0,Central,Santa María,895.000 EUR
474 ㎡,8.235 ㎡,6.0,5.0,Central,S'Aranjassa,2.200.000 EUR
135 ㎡,,3.0,2.0,Palma,Paseo Marítimo,3.660.000 EUR
128 ㎡,,3.0,3.0,Palma,Paseo Marítimo,4.750.000 EUR
102 ㎡,,3.0,3.0,Palma,Paseo Marítimo,2.050.000 EUR
81 ㎡,,2.0,2.0,Palma,Paseo Marítimo,1.320.000 EUR
,7.804 ㎡,,,Suroeste,Camp de Mar,19.000.000 EUR
425 ㎡,1.825 ㎡,5.0,5.0,Sur,Sa Torre,3.000.000 EUR
98 ㎡,,3.0,2.0,Suroeste,Portals,3.350.000 EUR
270 ㎡,470 ㎡,3.0,4.0,Norte,Puerto Alcudia - Alcanada,3.195.000 EUR
398 ㎡,1.050 ㎡,5.0,5.0,Suroeste,Costa d'en Blanes,5.400.000 EUR
90 ㎡,,3.0,1.0,Palma,Palma Catedral - Casco Antiguo,450.000 EUR
471 ㎡,1.842 ㎡,5.0,4.0,Suroeste,Cas Catalá,4.950.000 EUR
150 ㎡,"1,42 ㏊",3.0,2.0,Sureste,Santanyí,1.850.000 EUR
153 ㎡,,3.0,2.0,Suroeste,Santa Ponsa,1.995.000 EUR
,1.155 ㎡,,,Suroeste,Port Andratx,7.900.000 EUR
471 ㎡,"2,32 ㏊",6.0,5.0,Central,Sineu,2.500.000 EUR
721 ㎡,3.374 ㎡,5.0,3.0,Central,Santa Eugenia,6.950.000 EUR
792 ㎡,"1,77 ㏊",7.0,5.0,Sureste,Santanyí,3.500.000 EUR
481 ㎡,1.155 ㎡,7.0,7.0,Suroeste,Port Andratx,7.900.000 EUR
350 ㎡,7.351 ㎡,5.0,3.0,Son Vida & Palma Alrededores,Esporles,1.650.000 EUR
212 ㎡,316 ㎡,4.0,3.0,Sur,Las Palmeras,895.000 EUR
720 ㎡,"2,03 ㏊",4.0,5.0,Son Vida & Palma Alrededores,Establiments,3.950.000 EUR
999 ㎡,5.252 ㎡,8.0,6.0,Central,Santa María,8.975.000 EUR
1.045 ㎡,"5,36 ㏊",5.0,5.0,Sureste,Santanyí,5.490.000 EUR
143 ㎡,198 ㎡,3.0,2.0,Norte,Muro,590.000 EUR
300 ㎡,1.601 ㎡,4.0,4.0,Noreste,Costa de Los Pinos,3.500.000 EUR
492 ㎡,"6,04 ㏊",4.0,4.0,Suroeste,Port Andratx,15.750.000 EUR
64 ㎡,,2.0,2.0,Palma,San Agustin,695.000 EUR
172 ㎡,,4.0,3.0,Palma,Palma City Centre,1.750.000 EUR
319 ㎡,"6,16 ㏊",4.0,3.0,Central,Selva,3.950.000 EUR
224 ㎡,1.291 ㎡,4.0,2.0,Son Vida & Palma Alrededores,Establiments,1.200.000 EUR
490 ㎡,750 ㎡,4.0,4.0,Suroeste,Bendinat,7.800.000 EUR
,"7,13 ㏊",,,Sureste,Santanyí,750.000 EUR
580 ㎡,1.516 ㎡,6.0,6.0,Suroeste,Santa Ponsa,4.495.000 EUR
844 ㎡,2.152 ㎡,6.0,9.0,Suroeste,Santa Ponsa,8.900.000 EUR
182 ㎡,,3.0,3.0,Palma,Palma City Centre,1.275.000 EUR
,"1,45 ㏊",,,Sur,Llucmajor,650.000 EUR
240 ㎡,686 ㎡,3.0,2.0,Sureste,Santanyí,2.700.000 EUR
275 ㎡,1.620 ㎡,3.0,3.0,Norte,Alcudia - Bonaire,1.950.000 EUR
256 ㎡,124 ㎡,4.0,4.0,Sureste,Portocolom,3.300.000 EUR
206 ㎡,153 ㎡,3.0,3.0,Sur,Llucmajor,770.000 EUR
172 ㎡,263 ㎡,3.0,2.0,Oeste,Puerto de Sóller,2.495.000 EUR
356 ㎡,212 ㎡,5.0,2.0,Central,Lloseta,540.000 EUR
,2.226 ㎡,,,Son Vida & Palma Alrededores,Son Vida,4.500.000 EUR
866 ㎡,2.612 ㎡,5.0,5.0,Suroeste,Cala Vinyes,7.500.000 EUR
,989 ㎡,,,Noreste,Canyamel,120.000 EUR
,915 ㎡,,,Norte,Sa Pobla,325.000 EUR
331 ㎡,331 ㎡,4.0,3.0,Sureste,Santanyí,990.000 EUR
268 ㎡,,3.0,4.0,Suroeste,Paguera,4.650.000 EUR
263 ㎡,207 ㎡,4.0,2.0,Sur,Llucmajor,799.000 EUR
253 ㎡,312 ㎡,4.0,3.0,Central,Alaró,1.275.000 EUR
171 ㎡,,3.0,2.0,Suroeste,Port Andratx,2.950.000 EUR
405 ㎡,1.160 ㎡,4.0,4.0,Suroeste,Costa d'en Blanes,4.250.000 EUR
329 ㎡,500 ㎡,4.0,3.0,Noreste,Capdepera,1.350.000 EUR
342 ㎡,678 ㎡,3.0,4.0,Suroeste,Portals,5.500.000 EUR
,1.022 ㎡,,,Suroeste,Port Andratx,2.150.000 EUR
877 ㎡,492 ㎡,7.0,2.0,Central,Alaró,1.980.000 EUR
175 ㎡,,4.0,3.0,Palma,Portixol & Molinar,2.800.000 EUR
207 ㎡,,2.0,2.0,Palma,Palma Catedral - Casco Antiguo,2.950.000 EUR
157 ㎡,,2.0,2.0,Palma,Palma Catedral - Casco Antiguo,1.750.000 EUR
146 ㎡,,2.0,2.0,Palma,Palma Catedral - Casco Antiguo,1.400.000 EUR
,382 ㎡,,,Palma,Son Espanyolet,990.000 EUR
175 ㎡,,4.0,2.0,Suroeste,Port Andratx,3.200.000 EUR
512 ㎡,2.025 ㎡,4.0,4.0,Son Vida & Palma Alrededores,Son Vida,4.995.000 EUR
153 ㎡,229 ㎡,4.0,3.0,Noreste,Capdepera,1.150.000 EUR
476 ㎡,"1,51 ㏊",4.0,3.0,Central,Alaró,2.600.000 EUR
643 ㎡,270 ㎡,4.0,4.0,Oeste,Sóller,1.980.000 EUR
665 ㎡,"1,98 ㏊",4.0,5.0,Son Vida & Palma Alrededores,Establiments,1.525.000 EUR
,1.234 ㎡,,,Sur,Sa Torre,470.000 EUR
,"2,72 ㏊",,,Noreste,Manacor,1.100.000 EUR
,"2,64 ㏊",,,Central,Llubí,296.000 EUR
,"2,81 ㏊",,,Central,Costitx,610.000 EUR
191 ㎡,"1,42 ㏊",2.0,2.0,Suroeste,Andratx,1.200.000 EUR
432 ㎡,1.710 ㎡,7.0,3.0,Oeste,Sóller,2.990.000 EUR
126 ㎡,,3.0,2.0,Palma,Santa Catalina,695.000 EUR
230 ㎡,717 ㎡,4.0,5.0,Suroeste,Port Andratx,3.900.000 EUR
272 ㎡,1.285 ㎡,6.0,6.0,Suroeste,Port Andratx,6.500.000 EUR
340 ㎡,"2,13 ㏊",4.0,4.0,Sureste,Cas Concos,2.980.000 EUR
328 ㎡,538 ㎡,5.0,5.0,Oeste,Puerto de Sóller,6.450.000 EUR
226 ㎡,"2,1 ㏊",3.0,3.0,Noreste,Manacor,3.240.000 EUR
282 ㎡,,3.0,3.0,Suroeste,Port Andratx,3.950.000 EUR
176 ㎡,1.372 ㎡,3.0,2.0,Sur,Cala Pi,3.500.000 EUR
672 ㎡,2.080 ㎡,5.0,5.0,Son Vida & Palma Alrededores,Son Vida,5.350.000 EUR
636 ㎡,2.000 ㎡,5.0,5.0,Son Vida & Palma Alrededores,Son Vida,5.350.000 EUR
423 ㎡,1.334 ㎡,4.0,5.0,Suroeste,Costa d'en Blanes,5.200.000 EUR
3.835 ㎡,"31,68 ㏊",,,Son Vida & Palma Alrededores,Establiments,8.000.000 EUR
271 ㎡,,4.0,4.0,Palma,Portixol & Molinar,2.950.000 EUR
369 ㎡,"1,65 ㏊",4.0,5.0,Central,Alaró,3.200.000 EUR
173 ㎡,387 ㎡,3.0,3.0,Sur,Bahía Grande / Bahía Azul,1.400.000 EUR
173 ㎡,387 ㎡,3.0,3.0,Sur,Bahía Grande / Bahía Azul,1.400.000 EUR
391 ㎡,,4.0,4.0,Son Vida & Palma Alrededores,Palmanyola,2.980.000 EUR
78 ㎡,,2.0,2.0,Palma,Portixol & Molinar,755.000 EUR
290 ㎡,1.000 ㎡,4.0,4.0,Suroeste,Port Andratx,11.000.000 EUR
875 ㎡,2.847 ㎡,9.0,8.0,Suroeste,Port Andratx,26.000.000 EUR
425 ㎡,3.833 ㎡,5.0,3.0,Son Vida & Palma Alrededores,Establiments,1.695.000 EUR
1.333 ㎡,4.657 ㎡,13.0,12.0,Suroeste,Port Andratx,41.000.000 EUR
,991 ㎡,,,Norte,Sa Pobla,175.000 EUR
265 ㎡,560 ㎡,3.0,3.0,Sureste,Cala Murada,1.195.000 EUR
416 ㎡,1.332 ㎡,4.0,4.0,Suroeste,Port Andratx,11.650.000 EUR
451 ㎡,1.723 ㎡,5.0,6.0,Suroeste,Capdella,4.500.000 EUR
300 ㎡,"1,75 ㏊",4.0,3.0,Noreste,San Lorenzo,2.690.000 EUR
716 ㎡,"12,48 ㏊",3.0,4.0,Central,Inca,3.500.000 EUR
341 ㎡,1.147 ㎡,4.0,6.0,Suroeste,Bendinat,7.200.000 EUR
125 ㎡,,4.0,3.0,Palma,Playa de Palma & Arenal,1.145.000 EUR
210 ㎡,,6.0,4.0,Palma,Portixol & Molinar,3.400.000 EUR
399 ㎡,1.749 ㎡,3.0,3.0,Central,Bunyola,1.350.000 EUR
270 ㎡,,3.0,2.0,Palma,Portixol & Molinar,3.700.000 EUR
575 ㎡,305 ㎡,6.0,3.0,Oeste,Sóller,1.700.000 EUR
437 ㎡,600 ㎡,4.0,4.0,Sureste,Ses Salines,2.750.000 EUR
144 ㎡,,3.0,2.0,Palma,Son Armadams,2.600.000 EUR
324 ㎡,,5.0,4.0,Palma,Playa de Palma & Arenal,1.390.000 EUR
79 ㎡,,2.0,2.0,Palma,Santa Catalina,2.399.000 EUR
103 ㎡,,3.0,2.0,Palma,Santa Catalina,2.599.000 EUR
70 ㎡,,2.0,2.0,Palma,Santa Catalina,989.000 EUR
51 ㎡,,1.0,1.0,Palma,Santa Catalina,549.000 EUR
97 ㎡,,3.0,2.0,Palma,Santa Catalina,1.399.000 EUR
305 ㎡,814 ㎡,6.0,4.0,Noreste,Sa Coma,1.100.000 EUR
96 ㎡,,2.0,2.0,Sureste,Sa Rapita,695.000 EUR
429 ㎡,"2,31 ㏊",4.0,4.0,Sureste,Santanyí,3.690.000 EUR
126 ㎡,,3.0,3.0,Sureste,Sa Rapita,745.000 EUR
230 ㎡,936 ㎡,4.0,2.0,Sur,Bahía Grande / Bahía Azul,3.400.000 EUR
669 ㎡,2.335 ㎡,5.0,7.0,Central,Son Gual,6.900.000 EUR
205 ㎡,997 ㎡,4.0,3.0,Suroeste,Santa Ponsa,2.950.000 EUR
631 ㎡,"8,27 ㏊",6.0,4.0,Suroeste,Capdella,9.600.000 EUR
288 ㎡,170 ㎡,4.0,3.0,Noreste,Artá,1.150.000 EUR
732 ㎡,"1,59 ㏊",5.0,5.0,Central,Santa María,8.750.000 EUR
300 ㎡,3.000 ㎡,4.0,2.0,Central,Costitx,569.000 EUR
760 ㎡,1.218 ㎡,5.0,5.0,Suroeste,Bendinat,13.900.000 EUR
310 ㎡,1.291 ㎡,5.0,3.0,Son Vida & Palma Alrededores,Palmanyola,1.700.000 EUR
376 ㎡,8.193 ㎡,6.0,5.0,Oeste,Banyalbufar,6.295.000 EUR
305 ㎡,,3.0,2.0,Oeste,Sóller,1.099.000 EUR
357 ㎡,822 ㎡,5.0,3.0,Palma,Playa de Palma & Arenal,857.000 EUR
2.425 ㎡,2.425 ㎡,,,Suroeste,Santa Ponsa,A Consultar
2.454 ㎡,2.454 ㎡,,,Suroeste,Santa Ponsa,A Consultar
1.260 ㎡,1.260 ㎡,,,Suroeste,Port Adriano,A Consultar
202 ㎡,,5.0,4.0,Palma,Paseo Marítimo,2.290.000 EUR
1.480 ㎡,2.070 ㎡,5.0,8.0,Son Vida & Palma Alrededores,Son Vida,A Consultar
189 ㎡,,4.0,5.0,Suroeste,Portals,1.495.000 EUR
568 ㎡,3.241 ㎡,8.0,6.0,Central,Sa Coma - Bunyola,1.750.000 EUR
208 ㎡,523 ㎡,3.0,3.0,Sureste,Cala Murada,1.495.000 EUR
,"1,58 ㏊",,,Sureste,Felanitx,455.000 EUR
376 ㎡,118 ㎡,5.0,3.0,Palma,Santa Catalina,4.400.000 EUR
916 ㎡,5.198 ㎡,2.0,4.0,Son Vida & Palma Alrededores,Palmanyola,A Consultar
,1.223 ㎡,,,Son Vida & Palma Alrededores,Puigpunyent & Galilea,1.350.000 EUR
152 ㎡,,3.0,2.0,Oeste,Puerto de Sóller,1.100.000 EUR
,1.450 ㎡,,,Suroeste,Costa de la Calma,1.000.000 EUR
113 ㎡,,2.0,2.0,Suroeste,Port Andratx,895.000 EUR
717 ㎡,11.754 ㎡,4.0,4.0,Central,Inca,2.375.000 EUR
168 ㎡,,3.0,2.0,Suroeste,Cala Vinyes,1.390.000 EUR
190 ㎡,,3.0,2.0,Palma,Paseo Marítimo,1.550.000 EUR
503 ㎡,1.087 ㎡,5.0,5.0,Sur,Bahía Grande / Bahía Azul,3.250.000 EUR
146 ㎡,"4,28 ㏊",4.0,2.0,Sur,Llucmajor,865.000 EUR
300 ㎡,"1,56 ㏊",4.0,3.0,Noreste,Capdepera,2.980.000 EUR
171 ㎡,1.000 ㎡,3.0,2.0,Norte,Sa Pobla,1.050.000 EUR
220 ㎡,1.010 ㎡,2.0,1.0,Oeste,Valldemossa,830.000 EUR
,964 ㎡,,,Norte,Sa Pobla,350.000 EUR
68 ㎡,,2.0,2.0,Suroeste,Port Andratx,799.000 EUR
203 ㎡,11.525 ㎡,3.0,2.0,Central,Alaró,1.995.000 EUR
421 ㎡,"2,25 ㏊",4.0,4.0,Central,Biniali,3.995.000 EUR
368 ㎡,3.515 ㎡,4.0,2.0,Sur,Llucmajor,750.000 EUR
354 ㎡,"1,71 ㏊",4.0,4.0,Sureste,Ses Salines,2.400.000 EUR
512 ㎡,874 ㎡,4.0,4.0,Suroeste,Santa Ponsa,9.890.000 EUR
760 ㎡,1.740 ㎡,6.0,4.0,Suroeste,Sol de Mallorca,4.950.000 EUR
219 ㎡,3.467 ㎡,5.0,2.0,Suroeste,Port Andratx,4.300.000 EUR
522 ㎡,"2,09 ㏊",4.0,4.0,Sureste,Cala Mondrago,3.999.999 EUR
273 ㎡,,3.0,4.0,Suroeste,Paguera,3.060.000 EUR
226 ㎡,,3.0,4.0,Suroeste,Paguera,2.630.000 EUR
296 ㎡,,3.0,4.0,Suroeste,Paguera,4.450.000 EUR
367 ㎡,"1,84 ㏊",5.0,5.0,Sureste,Es Carritxo,3.500.000 EUR
377 ㎡,1.446 ㎡,4.0,4.0,Sur,Bahía Grande / Bahía Azul,3.875.000 EUR
356 ㎡,1.141 ㎡,5.0,4.0,Palma,Genova,4.995.000 EUR
260 ㎡,400 ㎡,4.0,4.0,Sureste,Cala Mondrago,1.900.000 EUR
327 ㎡,666 ㎡,6.0,4.0,Norte,Puerto Alcudia - Alcanada,4.300.000 EUR
663 ㎡,"1,73 ㏊",6.0,6.0,Central,Santa María,6.800.000 EUR
,1.000 ㎡,,,Norte,Sa Pobla,295.000 EUR
388 ㎡,"1,42 ㏊",5.0,4.0,Sureste,Es Llombards,1.950.000 EUR
300 ㎡,9.378 ㎡,4.0,4.0,Noreste,Capdepera,1.800.000 EUR
564 ㎡,"2,89 ㏊",4.0,4.0,Norte,Pollensa,4.000.000 EUR
330 ㎡,1.003 ㎡,5.0,4.0,Suroeste,Costa d'en Blanes,4.500.000 EUR
221 ㎡,205 ㎡,3.0,5.0,Central,Biniali,1.195.000 EUR
540 ㎡,2.500 ㎡,6.0,6.0,Suroeste,Port Andratx,12.900.000 EUR
759 ㎡,1.654 ㎡,7.0,6.0,Suroeste,Port Adriano,26.000.000 EUR
377 ㎡,7.110 ㎡,3.0,2.0,Sureste,Es Carritxo,2.850.000 EUR
168 ㎡,,2.0,2.0,Suroeste,Cas Catalá,2.900.000 EUR
218 ㎡,257 ㎡,3.0,4.0,Central,Llubí,1.320.000 EUR
386 ㎡,"1,42 ㏊",4.0,5.0,Sureste,Santanyí,3.980.000 EUR
78 ㎡,,2.0,2.0,Palma,Paseo Marítimo,650.000 EUR
82 ㎡,,2.0,2.0,Suroeste,Port Andratx,1.699.000 EUR
295 ㎡,7.500 ㎡,4.0,4.0,Central,Puntiró,4.500.000 EUR
650 ㎡,"1,52 ㏊",4.0,5.0,Central,Alaró,8.495.000 EUR
112 ㎡,,3.0,2.0,Palma,La Bonanova,740.000 EUR
170 ㎡,,4.0,2.0,Suroeste,Sol de Mallorca,1.650.000 EUR
501 ㎡,1.030 ㎡,5.0,5.0,Suroeste,Andratx,19.850.000 EUR
108 ㎡,,3.0,2.0,Norte,Puerto Pollensa,795.000 EUR
135 ㎡,,2.0,2.0,Norte,Puerto Pollensa,550.000 EUR
163 ㎡,,4.0,3.0,Palma,San Agustin,2.250.000 EUR
133 ㎡,,2.0,2.0,Suroeste,Port Andratx,1.500.000 EUR
127 ㎡,,2.0,2.0,Suroeste,Port Andratx,1.450.000 EUR
110 ㎡,,2.0,2.0,Palma,Playa de Palma & Arenal,1.675.000 EUR
110 ㎡,,2.0,2.0,Palma,Playa de Palma & Arenal,1.575.000 EUR
,1.803 ㎡,,,Noreste,Costa de Los Pinos,3.200.000 EUR
163 ㎡,,4.0,3.0,Palma,San Agustin,3.390.000 EUR
339 ㎡,,3.0,5.0,Suroeste,Port Andratx,3.750.000 EUR
259 ㎡,190 ㎡,3.0,2.0,Central,Santa María,2.150.000 EUR
281 ㎡,206 ㎡,3.0,2.0,Central,Santa María,2.450.000 EUR
398 ㎡,2.000 ㎡,4.0,5.0,Central,Son Gual,2.450.000 EUR
,2.000 ㎡,,,Central,Son Gual,815.000 EUR
220 ㎡,"1,43 ㏊",3.0,4.0,Norte,Pollensa,1.800.000 EUR
122 ㎡,,3.0,2.0,Palma,Paseo Marítimo,2.890.000 EUR
117 ㎡,,2.0,2.0,Palma,Paseo Marítimo,2.450.000 EUR
122 ㎡,,3.0,2.0,Palma,Paseo Marítimo,2.520.000 EUR
117 ㎡,,2.0,2.0,Palma,Paseo Marítimo,2.100.000 EUR
592 ㎡,"6,15 ㏊",5.0,6.0,Norte,Pollensa,A Consultar
303 ㎡,8.629 ㎡,3.0,3.0,Central,Puntiró,3.200.000 EUR
350 ㎡,"1,43 ㏊",5.0,5.0,Sureste,Es Llombards,3.200.000 EUR
377 ㎡,"1,64 ㏊",4.0,4.0,Noreste,Colonia de St. Pere,4.900.000 EUR
,3.191 ㎡,,,Son Vida & Palma Alrededores,Son Vida,2.750.000 EUR
,2.574 ㎡,,,Son Vida & Palma Alrededores,Son Vida,2.700.000 EUR
,"2,22 ㏊",,,Sur,Llucmajor,625.000 EUR
281 ㎡,,4.0,3.0,Noreste,Son Servera,1.750.000 EUR
560 ㎡,1.000 ㎡,4.0,5.0,Suroeste,Costa d'en Blanes,5.950.000 EUR
550 ㎡,1.415 ㎡,3.0,3.0,Sureste,Portopetro,4.500.000 EUR
378 ㎡,275 ㎡,3.0,3.0,Central,Montuiri,390.000 EUR
518 ㎡,2.585 ㎡,5.0,6.0,Suroeste,Port Andratx,17.900.000 EUR
,"1,49 ㏊",,,Sureste,Felanitx,325.000 EUR
490 ㎡,1.520 ㎡,5.0,7.0,Suroeste,Port Andratx,9.700.000 EUR
82 ㎡,,3.0,2.0,Suroeste,Portals,798.000 EUR
496 ㎡,8.257 ㎡,4.0,5.0,Central,Son Gual,4.800.000 EUR
243 ㎡,,3.0,3.0,Palma,Palma Catedral - Casco Antiguo,2.900.000 EUR
84 ㎡,,2.0,2.0,Palma,San Agustin,745.000 EUR
,"2,5 ㏊",,,Central,Binissalem,1.250.000 EUR
354 ㎡,"2,08 ㏊",3.0,2.0,Sur,Llucmajor,1.600.000 EUR
240 ㎡,349 ㎡,5.0,5.0,Central,Alaró,1.850.000 EUR
386 ㎡,900 ㎡,5.0,6.0,Suroeste,Costa d'en Blanes,3.495.000 EUR
,1.305 ㎡,,,Norte,Santa Margalida,400.000 EUR
,"2,12 ㏊",,,Norte,Muro,295.000 EUR
231 ㎡,800 ㎡,6.0,6.0,Suroeste,Port Andratx,7.900.000 EUR
271 ㎡,"1,96 ㏊",5.0,5.0,Noreste,Capdepera,3.380.000 EUR
123 ㎡,,2.0,2.0,Palma,Palma Catedral - Casco Antiguo,1.295.000 EUR
122 ㎡,,2.0,2.0,Palma,Palma Catedral - Casco Antiguo,1.592.000 EUR
602 ㎡,8.875 ㎡,6.0,6.0,Central,Santa María,2.985.000 EUR
280 ㎡,6.280 ㎡,6.0,2.0,Oeste,Deià,2.000.000 EUR
,2.507 ㎡,,,Son Vida & Palma Alrededores,Son Vida,4.980.000 EUR
236 ㎡,450 ㎡,3.0,3.0,Suroeste,Andratx,3.500.000 EUR
532 ㎡,6 ㏊,6.0,5.0,Sureste,Son Macia,3.500.000 EUR
571 ㎡,1.506 ㎡,4.0,4.0,Suroeste,Santa Ponsa,14.900.000 EUR
686 ㎡,2.000 ㎡,6.0,7.0,Son Vida & Palma Alrededores,Son Vida,10.950.000 EUR
85 ㎡,,2.0,3.0,Suroeste,Portals,890.000 EUR
107 ㎡,,3.0,2.0,Sureste,Colonia de Sant Jordi,660.000 EUR
107 ㎡,,3.0,2.0,Sureste,Colonia de Sant Jordi,640.000 EUR
117 ㎡,,3.0,1.0,Sureste,Colonia de Sant Jordi,680.000 EUR
211 ㎡,885 ㎡,3.0,3.0,Suroeste,Sol de Mallorca,3.400.000 EUR
580 ㎡,2.363 ㎡,6.0,6.0,Suroeste,Bendinat,29.500.000 EUR
186 ㎡,,3.0,3.0,Palma,Palma Catedral - Casco Antiguo,1.290.000 EUR
116 ㎡,,3.0,2.0,Palma,Palma Catedral - Casco Antiguo,800.000 EUR
155 ㎡,,4.0,3.0,Suroeste,Santa Ponsa,2.820.000 EUR
155 ㎡,,4.0,3.0,Suroeste,Santa Ponsa,1.668.300 EUR
284 ㎡,1.474 ㎡,4.0,4.0,Suroeste,Palmanova,8.200.000 EUR
480 ㎡,,10.0,9.0,Palma,Palma Catedral - Casco Antiguo,6.500.000 EUR
617 ㎡,1.290 ㎡,5.0,7.0,Suroeste,Cala Vinyes,12.000.000 EUR
242 ㎡,,3.0,3.0,Palma,Palma Catedral - Casco Antiguo,2.400.000 EUR
144 ㎡,,2.0,2.0,Palma,Palma Catedral - Casco Antiguo,1.235.000 EUR
85 ㎡,,2.0,1.0,Palma,Palma Catedral - Casco Antiguo,795.000 EUR
286 ㎡,,4.0,4.0,Suroeste,Bendinat,2.525.000 EUR
293 ㎡,,3.0,3.0,Suroeste,Port Andratx,4.550.000 EUR
113 ㎡,,2.0,2.0,Suroeste,Port Andratx,1.450.000 EUR
185 ㎡,164 ㎡,3.0,2.0,Norte,Pollensa,850.000 EUR
618 ㎡,1.510 ㎡,5.0,5.0,Norte,Puerto Pollensa,3.500.000 EUR
800 ㎡,"8,2 ㏊",11.0,9.0,Norte,Pollensa,A Consultar
430 ㎡,"1,58 ㏊",4.0,4.0,Norte,Pollensa,3.800.000 EUR
572 ㎡,985 ㎡,6.0,5.0,Norte,Puerto Alcudia,4.990.000 EUR
,1.295 ㎡,,,Suroeste,Palmanova,870.000 EUR
435 ㎡,1.004 ㎡,5.0,4.0,Suroeste,Bendinat,3.950.000 EUR
80 ㎡,,2.0,2.0,Palma,Santa Catalina,695.000 EUR
,1.600 ㎡,,,Suroeste,Cala Vinyes,995.000 EUR
129 ㎡,,3.0,3.0,Palma,Palma Catedral - Casco Antiguo,1.190.000 EUR
555 ㎡,1.400 ㎡,5.0,4.0,Sur,Cala Blava,3.300.000 EUR
482 ㎡,1.045 ㎡,4.0,4.0,Suroeste,Santa Ponsa,7.450.000 EUR
340 ㎡,481 ㎡,4.0,4.0,Palma,El Terreno,2.950.000 EUR
187 ㎡,,4.0,4.0,Palma,La Bonanova,1.950.000 EUR
66 ㎡,,2.0,1.0,Palma,El Terreno,675.000 EUR
195 ㎡,,3.0,3.0,Palma,Palma Catedral - Casco Antiguo,2.400.000 EUR
680 ㎡,1.328 ㎡,7.0,8.0,Suroeste,Portals,11.450.000 EUR
589 ㎡,2.393 ㎡,6.0,6.0,Suroeste,Cas Catalá,7.700.000 EUR
,1.600 ㎡,,,Suroeste,Camp de Mar,1.600.000 EUR
,1.106 ㎡,,,Suroeste,Camp de Mar,1.600.000 EUR
125 ㎡,,2.0,2.0,Palma,Paseo Marítimo,990.000 EUR
557 ㎡,"2,33 ㏊",5.0,4.0,Central,Sineu,7.900.000 EUR
225 ㎡,790 ㎡,4.0,3.0,Norte,Campanet,1.180.000 EUR
128 ㎡,,3.0,2.0,Palma,San Agustin,2.600.000 EUR
1.500 ㎡,"12,4 ㏊",14.0,14.0,Son Vida & Palma Alrededores,Esporles,26.000.000 EUR
,1.715 ㎡,,,Suroeste,Camp de Mar,1.600.000 EUR
,1.559 ㎡,,,Suroeste,Camp de Mar,1.700.000 EUR
406 ㎡,"1,42 ㏊",4.0,4.0,Sureste,Ses Salines,3.690.000 EUR
990 ㎡,3.140 ㎡,6.0,6.0,Son Vida & Palma Alrededores,Son Vida,6.850.000 EUR
,1.004 ㎡,,,Noreste,Cala Ratjada,800.000 EUR
,"1,81 ㏊",,,Norte,Campanet,590.000 EUR
74 ㎡,,1.0,1.0,Palma,Palma Catedral - Casco Antiguo,850.000 EUR
78 ㎡,,1.0,1.0,Palma,Palma Catedral - Casco Antiguo,900.000 EUR
230 ㎡,"1,5 ㏊",4.0,3.0,Central,Biniali,998.000 EUR
75 ㎡,,2.0,2.0,Palma,Playa de Palma & Arenal,1.190.000 EUR
75 ㎡,,2.0,2.0,Palma,Playa de Palma & Arenal,635.000 EUR
75 ㎡,,2.0,2.0,Palma,Playa de Palma & Arenal,585.000 EUR
75 ㎡,,2.0,2.0,Palma,Playa de Palma & Arenal,655.000 EUR
75 ㎡,,2.0,2.0,Palma,Playa de Palma & Arenal,595.000 EUR
402 ㎡,2.026 ㎡,4.0,3.0,Oeste,Valldemossa,1.100.000 EUR
555 ㎡,"5,61 ㏊",4.0,4.0,Suroeste,Calvià,8.980.000 EUR
78 ㎡,,1.0,1.0,Palma,Portixol & Molinar,1.225.000 EUR
78 ㎡,,2.0,2.0,Palma,Portixol & Molinar,990.000 EUR
78 ㎡,,2.0,2.0,Palma,Portixol & Molinar,965.000 EUR
147 ㎡,,3.0,3.0,Palma,Portixol & Molinar,2.525.000 EUR
59 ㎡,,1.0,1.0,Palma,Portixol & Molinar,765.000 EUR
66 ㎡,,1.0,1.0,Palma,Portixol & Molinar,740.000 EUR
278 ㎡,537 ㎡,3.0,3.0,Son Vida & Palma Alrededores,Establiments,2.950.000 EUR
,366 ㎡,,,Sureste,Ses Salines,295.000 EUR
375 ㎡,360 ㎡,4.0,4.0,Sureste,Ses Salines,3.150.000 EUR
320 ㎡,375 ㎡,4.0,4.0,Sureste,Ses Salines,2.950.000 EUR
240 ㎡,120 ㎡,4.0,4.0,Noreste,Artá,1.800.000 EUR
208 ㎡,173 ㎡,3.0,2.0,Suroeste,Camp de Mar,1.050.000 EUR
792 ㎡,,4.0,6.0,Palma,Palma Catedral - Casco Antiguo,22.000.000 EUR
359 ㎡,679 ㎡,5.0,4.0,Palma,Playa de Palma & Arenal,1.650.000 EUR
354 ㎡,925 ㎡,4.0,4.0,Suroeste,Santa Ponsa,2.780.000 EUR
500 ㎡,4.000 ㎡,6.0,4.0,Central,Santa María,2.100.000 EUR
,2.224 ㎡,,,Son Vida & Palma Alrededores,Son Vida,1.890.000 EUR
437 ㎡,1.001 ㎡,4.0,4.0,Suroeste,Cala Vinyes,A Consultar
248 ㎡,834 ㎡,3.0,3.0,Suroeste,Cala Vinyes,A Consultar
449 ㎡,868 ㎡,3.0,3.0,Suroeste,Cala Vinyes,3.200.000 EUR
602 ㎡,991 ㎡,4.0,4.0,Suroeste,Cala Vinyes,3.800.000 EUR
514 ㎡,1.358 ㎡,4.0,4.0,Suroeste,Cala Vinyes,A Consultar
509 ㎡,3 ㏊,5.0,5.0,Sureste,Sa Rapita,3.950.000 EUR
990 ㎡,733 ㎡,6.0,4.0,Sureste,Campos,A Consultar
160 ㎡,,3.0,3.0,Palma,Palma Catedral - Casco Antiguo,1.750.000 EUR
578 ㎡,"4,31 ㏊",4.0,5.0,Central,Algaida,2.750.000 EUR
,1.249 ㎡,,,Central,Santa Eugenia,900.000 EUR
,695 ㎡,,,Central,Santa Eugenia,450.000 EUR
,554 ㎡,,,Central,Santa Eugenia,450.000 EUR
378 ㎡,275 ㎡,3.0,3.0,Central,Montuiri,1.300.000 EUR
121 ㎡,110 ㎡,3.0,2.0,Sureste,Ses Salines,695.000 EUR
345 ㎡,4.005 ㎡,3.0,2.0,Central,Inca,795.000 EUR
113 ㎡,,2.0,2.0,Suroeste,Bendinat,945.000 EUR
344 ㎡,477 ㎡,4.0,3.0,Oeste,Puerto de Sóller,2.400.000 EUR
112 ㎡,,2.0,2.0,Palma,Palma Catedral - Casco Antiguo,950.000 EUR
206 ㎡,,4.0,3.0,Palma,Palma Catedral - Casco Antiguo,1.990.000 EUR
209 ㎡,,3.0,3.0,Palma,Paseo Marítimo,5.100.000 EUR
617 ㎡,2.812 ㎡,5.0,5.0,Sureste,Portopetro,3.200.000 EUR
112 ㎡,117 ㎡,2.0,2.0,Sureste,Santanyí,790.000 EUR
225 ㎡,"1,5 ㏊",3.0,2.0,Sureste,Ses Salines,2.350.000 EUR
125 ㎡,,5.0,1.0,Palma,Palma Catedral - Casco Antiguo,1.011.000 EUR
464 ㎡,"2,49 ㏊",6.0,6.0,Sureste,Ses Salines,1.950.000 EUR
290 ㎡,400 ㎡,3.0,3.0,Sureste,Cala Figuera,1.645.000 EUR
755 ㎡,2.513 ㎡,6.0,6.0,Oeste,Valldemossa,3.600.000 EUR
230 ㎡,"16,07 ㏊",5.0,5.0,Central,Binissalem,4.500.000 EUR
388 ㎡,"46,9 ㏊",,,Noreste,Manacor,2.700.000 EUR
340 ㎡,"1,68 ㏊",6.0,5.0,Noreste,Manacor,1.275.000 EUR
266 ㎡,"1,68 ㏊",4.0,3.0,Central,Sineu,1.800.000 EUR
241 ㎡,"1,5 ㏊",3.0,2.0,Central,Petra,1.700.000 EUR
221 ㎡,536 ㎡,3.0,3.0,Sureste,Cala Murada,1.275.000 EUR
187 ㎡,6.754 ㎡,2.0,1.0,Norte,Pollensa,790.000 EUR
575 ㎡,1.285 ㎡,5.0,6.0,Suroeste,Port Andratx,13.700.000 EUR
,"1,78 ㏊",,,Central,Sencelles,296.000 EUR
136 ㎡,,2.0,2.0,Palma,Palma Catedral - Casco Antiguo,825.000 EUR
124 ㎡,,2.0,2.0,Palma,Palma Catedral - Casco Antiguo,750.000 EUR
80 ㎡,,1.0,1.0,Palma,Palma Catedral - Casco Antiguo,495.000 EUR
522 ㎡,7.093 ㎡,6.0,6.0,Noreste,Son Servera,4.500.000 EUR
93 ㎡,,2.0,2.0,Palma,Son Armadams,1.250.000 EUR
86 ㎡,,2.0,2.0,Palma,Son Armadams,1.100.500 EUR
,"1,5 ㏊",,,Central,Sineu,325.000 EUR
700 ㎡,"3,41 ㏊",5.0,6.0,Central,Bunyola,8.500.000 EUR
291 ㎡,,4.0,4.0,Palma,Palma Catedral - Casco Antiguo,2.595.000 EUR
,"6,01 ㏊",,,Central,Costitx,355.000 EUR
316 ㎡,321 ㎡,4.0,2.0,Central,Llubí,595.000 EUR
160 ㎡,,3.0,3.0,Suroeste,Port Andratx,1.875.000 EUR
,2.452 ㎡,,,Son Vida & Palma Alrededores,Son Vida,3.700.000 EUR
,2.017 ㎡,,,Son Vida & Palma Alrededores,Son Vida,2.700.000 EUR
,2.380 ㎡,,,Son Vida & Palma Alrededores,Son Vida,2.400.000 EUR
,2.960 ㎡,,,Son Vida & Palma Alrededores,Son Vida,3.200.000 EUR
77 ㎡,307 ㎡,1.0,1.0,Palma,Portixol & Molinar,3.500.000 EUR
1.752 ㎡,4.423 ㎡,7.0,9.0,Suroeste,Port Andratx,42.500.000 EUR
260 ㎡,506 ㎡,3.0,3.0,Central,Alaró,975.000 EUR
,"1,75 ㏊",,,Sur,Llucmajor,199.000 EUR
365 ㎡,730 ㎡,3.0,2.0,Sureste,Sa Rapita,1.920.000 EUR
346 ㎡,292 ㎡,6.0,7.0,Noreste,Capdepera,950.000 EUR
240 ㎡,,4.0,4.0,Oeste,Puerto de Sóller,1.220.000 EUR
289 ㎡,1.459 ㎡,9.0,5.0,Norte,Alcudia - Bonaire,9.400.000 EUR
444 ㎡,3.217 ㎡,5.0,5.0,Noreste,Canyamel,2.765.000 EUR
110 ㎡,137 ㎡,3.0,2.0,Norte,Puerto Pollensa,450.000 EUR
239 ㎡,400 ㎡,4.0,2.0,Norte,Can Picafort,899.000 EUR
2.012 ㎡,6.138 ㎡,6.0,6.0,Son Vida & Palma Alrededores,Son Vida,27.500.000 EUR
428 ㎡,"1,43 ㏊",6.0,6.0,Noreste,Manacor,1.950.000 EUR
608 ㎡,,14.0,6.0,Palma,Portixol & Molinar,1.250.000 EUR
497 ㎡,866 ㎡,4.0,4.0,Suroeste,Santa Ponsa,6.950.000 EUR
,"5,17 ㏊",,,Central,Algaida,325.000 EUR
100 ㎡,410 ㎡,4.0,3.0,Norte,Alcudia - Bonaire,1.300.000 EUR
,"4,48 ㏊",,,Central,Binissalem,450.000 EUR
130 ㎡,"4,48 ㏊",,,Central,Binissalem,450.000 EUR
127 ㎡,,4.0,3.0,Palma,Playa de Palma & Arenal,1.397.000 EUR
125 ㎡,,4.0,3.0,Palma,Playa de Palma & Arenal,1.317.000 EUR
512 ㎡,"1,53 ㏊",4.0,4.0,Central,Sencelles,2.950.000 EUR
439 ㎡,1.194 ㎡,5.0,4.0,Noreste,Son Servera,2.900.000 EUR
463 ㎡,"1,94 ㏊",4.0,4.0,Sureste,Santanyí,4.900.000 EUR
486 ㎡,"1,67 ㏊",5.0,6.0,Sureste,Alquería Blanca,6.300.000 EUR
498 ㎡,"1,79 ㏊",6.0,,Central,Llubí,900.000 EUR
350 ㎡,"2,8 ㏊",5.0,4.0,Norte,Alcudia - Bonaire,2.600.000 EUR
300 ㎡,,4.0,5.0,Palma,Portixol & Molinar,3.900.000 EUR
324 ㎡,459 ㎡,3.0,4.0,Noreste,San Lorenzo,649.000 EUR
503 ㎡,"1,43 ㏊",4.0,5.0,Sureste,Cala Llombards,4.900.000 EUR
267 ㎡,871 ㎡,4.0,4.0,Suroeste,Santa Ponsa,3.950.000 EUR
502 ㎡,,4.0,6.0,Suroeste,Port Andratx,12.900.000 EUR
502 ㎡,,4.0,6.0,Suroeste,Port Andratx,12.900.000 EUR
191 ㎡,,2.0,3.0,Suroeste,Port Andratx,4.575.000 EUR
201 ㎡,,2.0,3.0,Suroeste,Port Andratx,4.750.000 EUR
243 ㎡,,2.0,3.0,Suroeste,Port Andratx,3.480.000 EUR
395 ㎡,,2.0,3.0,Suroeste,Port Andratx,2.795.000 EUR
210 ㎡,10.326 ㎡,4.0,3.0,Norte,Pollensa,1.800.000 EUR
577 ㎡,"4,01 ㏊",8.0,5.0,Central,Pina,5.495.000 EUR
161 ㎡,116 ㎡,5.0,3.0,Norte,Pollensa,690.000 EUR
212 ㎡,161 ㎡,2.0,1.0,Norte,Pollensa,590.000 EUR
509 ㎡,2.542 ㎡,4.0,5.0,Noreste,Canyamel,2.390.000 EUR
673 ㎡,2.345 ㎡,6.0,6.0,Son Vida & Palma Alrededores,Son Vida,10.900.000 EUR
415 ㎡,1.350 ㎡,5.0,5.0,Norte,Puerto Pollensa,3.800.000 EUR
,"1,88 ㏊",,,Central,San Juan,199.000 EUR
134 ㎡,126 ㎡,3.0,2.0,Central,Biniali,617.000 EUR
86 ㎡,,2.0,2.0,Palma,Son Armadams,1.050.250 EUR
585 ㎡,"6,61 ㏊",8.0,8.0,Sureste,Santanyí,5.500.000 EUR
129 ㎡,109 ㎡,3.0,2.0,Central,Petra,695.000 EUR
481 ㎡,"2,89 ㏊",4.0,4.0,Central,Inca,2.950.000 EUR
290 ㎡,487 ㎡,3.0,3.0,Oeste,Puerto de Sóller,2.700.000 EUR
,840 ㎡,,,Noreste,Font de Sa Cala,900.000 EUR
,1.034 ㎡,,,Sur,Sa Torre,650.000 EUR
508 ㎡,2.184 ㎡,5.0,5.0,Son Vida & Palma Alrededores,Son Vida,4.400.000 EUR
373 ㎡,"6,18 ㏊",4.0,4.0,Sur,Llucmajor,3.950.000 EUR
,"1,4 ㏊",,,Central,San Juan,350.000 EUR
1.125 ㎡,"4,72 ㏊",7.0,6.0,Central,Lloret de Vista Alegre,3.800.000 EUR
161 ㎡,661 ㎡,4.0,2.0,Norte,Playa de Muro,1.450.000 EUR
354 ㎡,1.800 ㎡,4.0,5.0,Central,Sa Coma - Bunyola,2.370.000 EUR
644 ㎡,2.575 ㎡,5.0,5.0,Noreste,Canyamel,4.900.000 EUR
745 ㎡,958 ㎡,4.0,4.0,Sur,Son Veri,A Consultar
396 ㎡,1.223 ㎡,4.0,5.0,Son Vida & Palma Alrededores,Puigpunyent & Galilea,2.750.000 EUR
691 ㎡,2.020 ㎡,6.0,7.0,Son Vida & Palma Alrededores,Son Vida,7.000.000 EUR
375 ㎡,363 ㎡,2.0,2.0,Sureste,Ses Salines,1.750.000 EUR
350 ㎡,1.479 ㎡,4.0,5.0,Suroeste,Port Andratx,9.500.000 EUR
257 ㎡,"1,98 ㏊",3.0,2.0,Oeste,Valldemossa,2.850.000 EUR
294 ㎡,300 ㎡,4.0,5.0,Sureste,Ses Salines,1.850.000 EUR
216 ㎡,"1,47 ㏊",4.0,2.0,Noreste,San Lorenzo,735.000 EUR
222 ㎡,185 ㎡,3.0,2.0,Central,Sineu,1.180.000 EUR
455 ㎡,"3,5 ㏊",5.0,4.0,Sureste,Santanyí,7.450.000 EUR
585 ㎡,5.863 ㎡,8.0,6.0,Suroeste,Port Andratx,10.500.000 EUR
157 ㎡,294 ㎡,7.0,,Oeste,Puerto de Sóller,2.900.000 EUR
494 ㎡,"1,73 ㏊",3.0,4.0,Central,Inca,5.400.000 EUR
1.495 ㎡,"5,34 ㏊",10.0,6.0,Central,Marratxi,2.500.000 EUR
72 ㎡,,2.0,2.0,Palma,Son Armadams,1.420.250 EUR
153 ㎡,387 ㎡,4.0,2.0,Oeste,Deià,1.450.000 EUR
270 ㎡,"2,26 ㏊",4.0,4.0,Sureste,Santanyí,2.675.000 EUR
409 ㎡,,5.0,4.0,Palma,Portixol & Molinar,3.450.000 EUR
165 ㎡,,3.0,2.0,Palma,La Bonanova,2.390.000 EUR
357 ㎡,2.070 ㎡,5.0,5.0,Central,Portol,2.000.000 EUR
706 ㎡,"1,31 ㏊",8.0,7.0,Central,Inca,3.500.000 EUR
415 ㎡,"123,92 ㏊",5.0,1.0,Sur,Llucmajor,8.500.000 EUR
,1.705 ㎡,,,Suroeste,Port Andratx,1.000.000 EUR
709 ㎡,1.057 ㎡,6.0,6.0,Suroeste,Port Andratx,12.900.000 EUR
,"1,4 ㏊",,,Noreste,Capdepera,380.000 EUR
392 ㎡,634 ㎡,5.0,3.0,Norte,Alcudia - Bonaire,1.200.000 EUR
218 ㎡,"1,48 ㏊",2.0,3.0,Central,Montuiri,2.390.000 EUR
326 ㎡,632 ㎡,4.0,1.0,Central,Bunyola,1.190.000 EUR
596 ㎡,"1,5 ㏊",5.0,5.0,Central,Alaró,5.500.000 EUR
420 ㎡,2.038 ㎡,3.0,3.0,Central,Son Gual,3.045.000 EUR
,1.350 ㎡,,,Norte,Alcudia,480.000 EUR
565 ㎡,"2,35 ㏊",8.0,6.0,Central,Algaida,2.930.000 EUR
160 ㎡,646 ㎡,4.0,2.0,Central,Alaró,750.000 EUR
390 ㎡,"1,93 ㏊",4.0,3.0,Son Vida & Palma Alrededores,Establiments,1.995.000 EUR
147 ㎡,,3.0,2.0,Palma,Palma Catedral - Casco Antiguo,1.495.000 EUR
645 ㎡,"1,54 ㏊",4.0,4.0,Central,Marratxi,2.035.000 EUR
755 ㎡,2.191 ㎡,4.0,2.0,Noreste,Son Servera,1.450.000 EUR
284 ㎡,7.100 ㎡,5.0,2.0,Sur,Llucmajor,1.600.000 EUR
635 ㎡,350 ㎡,8.0,2.0,Sur,Llucmajor,980.000 EUR
270 ㎡,470 ㎡,4.0,4.0,Norte,Puerto Alcudia - Alcanada,2.650.000 EUR
259 ㎡,"1,82 ㏊",5.0,4.0,Suroeste,S'Arraco,3.400.000 EUR
310 ㎡,540 ㎡,4.0,4.0,Sureste,Felanitx,1.295.000 EUR
520 ㎡,1.531 ㎡,6.0,7.0,Suroeste,Paguera,4.700.000 EUR
387 ㎡,"1,59 ㏊",5.0,5.0,Sureste,Ses Salines,5.250.000 EUR
58 ㎡,,1.0,1.0,Palma,Palma Catedral - Casco Antiguo,450.000 EUR
431 ㎡,1.864 ㎡,4.0,3.0,Suroeste,Camp de Mar,12.950.000 EUR
784 ㎡,1.828 ㎡,4.0,1.0,Central,Binissalem,1.500.000 EUR
390 ㎡,"1,43 ㏊",4.0,5.0,Noreste,San Lorenzo,3.580.000 EUR
326 ㎡,"22,4 ㏊",10.0,9.0,Noreste,Manacor,2.950.000 EUR
279 ㎡,"1,78 ㏊",4.0,4.0,Noreste,San Lorenzo,1.999.000 EUR
1.064 ㎡,798 ㎡,5.0,2.0,Sur,Llucmajor,2.495.000 EUR
211 ㎡,679 ㎡,8.0,5.0,Noreste,Sa Coma,1.749.000 EUR
383 ㎡,375 ㎡,4.0,4.0,Sur,Cala Pi,1.350.000 EUR
476 ㎡,10.242 ㎡,4.0,3.0,Central,Algaida,3.150.000 EUR
476 ㎡,"1,95 ㏊",4.0,3.0,Central,Algaida,2.950.000 EUR
1.780 ㎡,142 ㏊,16.0,13.0,Sur,Llucmajor,11.890.000 EUR
523 ㎡,"8,47 ㏊",6.0,,Central,Llubí,647.000 EUR
,1.864 ㎡,,,Suroeste,Camp de Mar,12.950.000 EUR
74 ㎡,,2.0,2.0,Palma,Son Armadams,785.000 EUR
1.958 ㎡,4.255 ㎡,7.0,6.0,Son Vida & Palma Alrededores,Son Vida,39.500.000 EUR
348 ㎡,868 ㎡,3.0,3.0,Suroeste,Andratx,3.800.000 EUR
99 ㎡,,3.0,2.0,Palma,Palma City Centre,1.200.000 EUR
515 ㎡,1.659 ㎡,8.0,7.0,Sureste,Cala d'Or,3.900.000 EUR
2.654 ㎡,"44,96 ㏊",5.0,2.0,Central,Inca,2.950.000 EUR
1.010 ㎡,"3,31 ㏊",20.0,14.0,Central,Lloret de Vista Alegre,2.350.000 EUR
104 ㎡,,2.0,2.0,Palma,Portixol & Molinar,2.550.000 EUR
156 ㎡,,3.0,3.0,Palma,Portixol & Molinar,3.360.000 EUR
323 ㎡,"2,81 ㏊",4.0,4.0,Central,Costitx,610.000 EUR
,"3,58 ㏊",,,Norte,Puerto Alcudia,1.600.000 EUR
162 ㎡,684 ㎡,3.0,2.0,Norte,Pollensa,720.000 EUR
1.206 ㎡,"8,95 ㏊",7.0,7.0,Central,Inca,5.900.000 EUR
1.562 ㎡,938 ㎡,8.0,4.0,Oeste,Fornalutx,2.700.000 EUR
,"3,59 ㏊",,,Norte,Alcudia,900.000 EUR
1.200 ㎡,18 ㏊,7.0,6.0,Son Vida & Palma Alrededores,Establiments,7.900.000 EUR
152 ㎡,,3.0,3.0,Norte,Can Picafort,1.500.000 EUR
91 ㎡,,2.0,2.0,Norte,Can Picafort,800.000 EUR
468 ㎡,"1,65 ㏊",4.0,3.0,Son Vida & Palma Alrededores,Establiments,2.600.000 EUR
142 ㎡,339 ㎡,4.0,3.0,Sur,Puig de Ros,920.000 EUR
820 ㎡,"40,82 ㏊",9.0,11.0,Norte,Pollensa,9.950.000 EUR
736 ㎡,"36,16 ㏊",8.0,2.0,Norte,Escorca,5.400.000 EUR
133 ㎡,,2.0,3.0,Palma,Portixol & Molinar,2.430.000 EUR
480 ㎡,2.000 ㎡,4.0,4.0,Son Vida & Palma Alrededores,Son Vida,3.970.000 EUR
3.215 ㎡,30 ㏊,11.0,6.0,Noreste,Manacor,6.800.000 EUR
860 ㎡,7.286 ㎡,4.0,3.0,Central,Puntiró,2.250.000 EUR
74 ㎡,"4,25 ㏊",,,Central,Costitx,297.000 EUR
,"4,25 ㏊",,,Central,Costitx,297.000 EUR
463 ㎡,1.000 ㎡,4.0,4.0,Noreste,Canyamel,A Consultar
547 ㎡,1.200 ㎡,4.0,4.0,Noreste,Canyamel,A Consultar
426 ㎡,701 ㎡,4.0,4.0,Noreste,Canyamel,A Consultar
936 ㎡,1.042 ㎡,8.0,8.0,Noreste,Artá,3.400.000 EUR
634 ㎡,3.018 ㎡,4.0,4.0,Noreste,Costa de Los Pinos,3.250.000 EUR
222 ㎡,"1,53 ㏊",4.0,2.0,Central,Costitx,850.000 EUR
691 ㎡,1.038 ㎡,6.0,6.0,Suroeste,Port Andratx,12.800.000 EUR
550 ㎡,,7.0,6.0,Oeste,Estellencs,3.500.000 EUR
534 ㎡,700 ㎡,4.0,6.0,Oeste,Deià,3.500.000 EUR
675 ㎡,2.375 ㎡,7.0,7.0,Suroeste,Port Andratx,7.400.000 EUR
600 ㎡,"39,97 ㏊",10.0,3.0,Central,Binissalem,4.600.000 EUR
616 ㎡,14 ㏊,4.0,4.0,Noreste,Artá,4.600.000 EUR
,1.073 ㎡,,,Suroeste,Port Andratx,1.550.000 EUR
2.459 ㎡,"122,5 ㏊",8.0,5.0,Norte,Pollensa,A Consultar
,"1,46 ㏊",,,Norte,Pollensa,495.000 EUR
800 ㎡,"2,67 ㏊",5.0,8.0,Norte,Muro,4.200.000 EUR
2.329 ㎡,"113,36 ㏊",,,Sur,Llucmajor,5.400.000 EUR
,5 ㏊,,,Sur,Llucmajor,450.000 EUR
535 ㎡,"8,24 ㏊",8.0,2.0,Sur,Llucmajor,3.800.000 EUR
1.118 ㎡,"21,28 ㏊",4.0,2.0,Sur,Llucmajor,1.250.000 EUR
346 ㎡,215 ㎡,6.0,4.0,Oeste,Deià,1.250.000 EUR
,989 ㎡,,,Oeste,Deià,1.300.000 EUR
3.964 ㎡,"124,16 ㏊",,,Suroeste,Paguera,15.000.000 EUR
,"2,1 ㏊",,,Central,Petra,250.000 EUR
456 ㎡,"1,6 ㏊",5.0,5.0,Central,Moscari,2.900.000 EUR
,2.000 ㎡,,,Central,Inca,380.000 EUR
343 ㎡,908 ㎡,3.0,2.0,Noreste,Cala Ratjada,4.100.000 EUR
600 ㎡,1.200 ㎡,5.0,6.0,Sureste,Cala d'Or,3.400.000 EUR
550 ㎡,"2,84 ㏊",5.0,5.0,Sureste,Portopetro,3.150.000 EUR
494 ㎡,"225,21 ㏊",7.0,2.0,Norte,Escorca,9.000.000 EUR
900 ㎡,"543,02 ㏊",,,Noreste,Artá,7.800.000 EUR
341 ㎡,655 ㎡,3.0,2.0,Sur,Bahía Grande / Bahía Azul,1.390.000 EUR
,"2,89 ㏊",,,Norte,Pollensa,2.000.000 EUR
1.332 ㎡,"37,55 ㏊",9.0,9.0,Sur,Llucmajor,4.500.000 EUR
1.405 ㎡,"21,2 ㏊",,,Noreste,San Lorenzo,2.950.000 EUR
,835 ㎡,,,Noreste,Betlem,195.000 EUR
,"1,41 ㏊",,,Norte,Búger,350.000 EUR
460 ㎡,1.830 ㎡,4.0,4.0,Noreste,Canyamel,3.140.000 EUR
330 ㎡,1.800 ㎡,4.0,4.0,Noreste,Canyamel,2.765.000 EUR
,726 ㎡,,,Noreste,Canyamel,210.000 EUR
,686 ㎡,,,Noreste,Canyamel,199.000 EUR
600 ㎡,"7,6 ㏊",10.0,9.0,Norte,Pollensa,3.500.000 EUR
,1.667 ㎡,,,Noreste,Canyamel,275.000 EUR
1.430 ㎡,5.587 ㎡,10.0,10.0,Son Vida & Palma Alrededores,Son Vida,8.500.000 EUR
3.000 ㎡,70 ㏊,10.0,9.0,Noreste,San Lorenzo,A Consultar
470 ㎡,4.300 ㎡,6.0,5.0,Son Vida & Palma Alrededores,Son Vida,4.800.000 EUR
,1.097 ㎡,,,Noreste,Cala Ratjada,500.000 EUR
615 ㎡,900 ㎡,4.0,4.0,Suroeste,Port Adriano,9.850.000 EUR
398 ㎡,"3,32 ㏊",4.0,4.0,Suroeste,Calvià,7.250.000 EUR
